序号,英文,中文释义,,
1,irrational,不理性的,,
2,omnipresent,无所不在的，普遍存在的,,
3,formulaic,俗套的，老套的,,
4,displace,替代，取代,,
5,unattainable,达不到的，不可获得的,,
6,topple,推翻，颠覆,,
7,accessible,可以理解的，易懂的,,
8,instrumental,有帮助的，有助于……的,,
9,misguided,由错误的判断所导致的，不明智的,,
10,evasive,搪塞的，推诿的，含糊其辞的，逃跑的，躲避的,,
11,intuitive,凭直觉的，本能的,,
12,counterintuitive,违反直觉的，不合常理的,,
13,uncanny,惊人的，非凡的,,
14,comprehensible,可理解的，易懂的,,
15,comprehensive,广泛的，无所不包的，综合的,,
16,solemn,严肃的，庄重的，庄严的,,
17,exile,流放，放逐，流亡,,
18,spotlight,公众注意的焦点,,
19,trigger,引起，引发,,
20,chastise,严厉批评，责骂,,
21,timid,胆小的，不自信的,,
22,chauvinistic,沙文主义的，过分偏袒自己所属群体的,,
23,list,倾斜，侧倾,,
24,gradient,变化率，梯度变化曲线,,
25,clamorous,吵闹的，喧嚷的,,
26,cerebral,头脑的，智力的,,
27,discriminatory,歧视的，差别对待的,,
28,discriminating,有眼光的，有品位的，有鉴赏力的,,
29,indiscriminate,不加区分的，不加甄别的，胡乱的,,
30,explicable,可解释的，可理解的,,
31,abbreviate,使简短，缩简，缩短,,
32,preventive,预防的，防止的,,
33,dismissal,不屑一顾，不予考虑,,
34,ornate,华丽的，精雕细琢的,,
35,ornamental,装饰性的,,
36,blessing,有益的事物，让人觉得感激的事物,,
37,precursor,前兆，先兆,,
38,settled,已确定的，不会改变的，定居的，稳定的，地位稳固的，毋庸置疑的,,
39,settlement,和解，协议，定居点，居住地，殖民地,,
40,backwater,停滞状态，死气沉沉的地方,,
41,bias,偏见，偏心，偏袒,,
42,lopsided,向一侧倾斜的，不平衡的,,
43,homogeneous,相同种类的，由相同成分组成的,,
44,de-emphasize,使显得不重要，贬低…的重要性,,
45,entail,需要，包含，涉及,,
46,stunning,令人震惊的，令人目瞪口呆的,,
47,accord,一致，和谐，统一,,
48,odds,可能性,,
49,give way to,被……所替代,,
50,crackling,才华横溢的，闪烁的，生气勃勃的,,
51,undeserved,不该受的，不应得的,,
52,ascribe,把…归因于……,,
53,tenet,信条，宗旨，原则,,
54,vacillation,犹豫不决，优柔寡断,,
55,hail,热情赞扬，向…欢呼，为…喝彩,,
56,intrigue,引起……的兴趣，阴谋，密谋，诡计,,
57,coherence,连贯性，前后一致,,
58,wistful,渴望的，思念的,,
59,limitation,局限性，缺陷，不足,,
60,ecosystem,【生】生态系,,
61,contemporary,当时的，同时期的，现代的，当代的，同时期的人，同时代的人,,
62,shackle,束缚,,
63,envisage,想像，设想,,
64,empower,使有权力,,
65,snapshot,快照,,
66,palpable,明显的，易懂的,,
67,overblown,过分吹嘘的，浮夸的,,
68,disregard,不理会，不顾,,
69,mirror,反映，体现,,
70,deprivation,缺乏，缺失,,
71,charge,赋予……职责，充电，使带电，指控，指责,,
72,irresistible,不可抵抗的，不可抗拒的,,
73,quizzical,诧异的，感到奇怪而好笑的,,
74,esoteric,神秘难懂的，只有内行才懂的,,
75,impartial,不偏不倚的，公正的，无偏见的,,
76,partiality,偏袒，偏颇,,
77,condone,宽恕，姑息，纵容,,
78,transmogrify,使发生出人意料的变化,,
79,yardstick,衡量标准，评价标准,,
80,dismal,阴暗的，阴沉的,,
81,fractious,易怒的，暴躁的，充满愤怒的，充满分歧的,,
82,arbitrary,随意的，主观的，没有客观依据的,,
83,domain,领域，范围,,
84,fickle,善变的，反复无常的,,
85,prototype,原型，样本，样品,,
86,hazard,危险,,
87,anathema,极为令人反感的事物,,
88,petty,小的，琐碎的，不重要的,,
89,cede,割让，交出,,
90,furtive,偷偷摸摸的，鬼鬼祟祟的,,
91,energetic,精力充沛的，精神饱满的，充满活力的,,
92,disproportionate,不成比例的，不相称的,,
93,uphold,支持，赞成，认可,,
94,moribund,行将灭亡的，毫无生气的,,
95,demanding,艰难的，困难的，要求高的,,
96,nothing if not,确实，非常，极其,,
97,churn sth. out,粗制滥造出,,
98,gambit,策略，计谋，举动,,
99,stave sth. off,避免，延缓,,
100,cinch,轻而易举的事,,
101,contented,满意的，心满意足的,,
102,blueprint,蓝图，行动计划,,
103,rehash,将略加修改后重新使用，炒冷饭,,
104,trait,特征，特点，特性,,
105,autonomy,独立，自主,,
106,undue,过分的，过度的，不应有的,,
107,jubilant,欢乐的，喜气洋洋的,,
108,personage,名人，要人,,
109,motley,混杂的，成分杂乱的,,
110,headway,进展，进步,,
111,effusive,极为热情的，过分热情的，奔放的,,
112,pellucid,极为清晰的,,
113,rapacious,贪婪的,,
114,solicitous,关心的，挂念的,,
115,intrinsic,固有的，内在的，天生的,,
116,paragon,模范，典范,,
117,delineate,刻划，描写,,
118,embargo,禁运，贸易禁令,,
119,ploy,计策，手段,,
120,intercept,拦截，截住，截击,,
121,machination,阴谋策划，施诡计,,
122,efficacious,有效的,,
123,present,公开展示，公开呈现,,
124,promulgate,宣传，传播,,
125,spike,激增,,
126,gall,使生气，使恼火,,
127,cascade,一连串，连续大量出现的东西,,
128,seclusion,隔绝，退隐，隐居,,
129,nonetheless,仍然，还是，尽管如此,,
130,conspicuous,显眼的，明显的，显著的,,
131,pass,被认为是……，被当做……,,
132,chaos,混乱,,
133,relinquish,主动放弃,,
134,counteract,抵消，对……起反作用,,
135,anchor,把…系住，使固定,,
136,glut,大量，过量，过剩,,
137,deadpan,面无表情的，一本正经的,,
138,ethereal,极为精细的，超凡脱俗的,,
139,fury,狂暴，激烈，暴烈,,
140,lethargy,昏昏欲睡，没精打采,,
141,infelicity,不得体的言论,,
142,scrutinize,详细检查，仔细研究,,
143,immutable,不变的，永恒的,,
144,mutable ,可变的，多变的,,
145,cajole,劝诱，哄骗,,
146,demur,反对，犹豫，不情愿,,
147,nettlesome,恼人的，气人的，极为令人不悦的,,
148,haunted,闹鬼的，鬼魂出没的,,
149,trivial,琐碎的，不重要的，无价值的,,
150,prune,删除，除去，消减,,
151,now that,既然，由于,,
152,die hard,难改掉，难消灭,,
153,reservoir,水库，蓄水池，储备，储藏地,,
154,aesthetic,美学的，审美的,,
155,prompt,促使，推动，激励，提示，提词，提醒,,
156,credit,因……称赞……，把……归功于……，赞扬，荣誉，功劳,,
157,credible,可信的，令人信服的,,
158,credulous,轻信的，易受骗的，因轻信造成的,,
159,credence,相信,,
160,credential,资格证明,,
161,discredit,否定,,
162,audacious,大胆的，敢于冒险的，出人意料的,,
163,preoccupy,使全神贯注，使入神,,
164,eclectic,多样的，来自不同来源的，兼收并蓄的,,
165,artless,粗糙的，笨拙的,,
166,embody,体现，表现,,
167,premise,前提，先决条件，背景设定,,
168,progression,前进，进展，行进,,
169,profess,声称，号称，号称拥有,,
170,evoke,唤起，使想到，使想起,,
171,standstill,停止，停顿，停滞,,
172,ministration,帮助，照料,,
173,hoax,骗局，恶作剧,,
174,augment,扩大，增加，提高,,
175,interchangeable,非常相似的，几乎相同的,,
176,congruent,一致的，和谐的,,
177,incongruous,不相称的，不协调的,,
178,crisp,简明扼要的，干净利落的,,
179,apathy,无兴趣，冷淡，冷漠,,
180,languish,变得衰弱无力，失去活力,,
181,subsequently,随后，后来，接着,,
182,shore up,支持，巩固,,
183,demoralize,使士气低落，使泄气,,
184,potency,力量，权力,,
185,thrive,兴旺发达，繁荣，旺盛,,
186,testimony,证据，证明,,
187,squelch,镇压，消除,,
188,buoy,鼓励，鼓舞,,
189,posture,摆姿势，装模作样，姿势，装腔作势的样子,,
190,catchy,朗朗上口的,,
191,authentic,真正的，可信的,,
192,authenticate,证实,,
193,panoply,一大堆，完整的一堆,,
194,implement,使生效，实施,,
195,malady,疾病,,
196,acerbic,尖刻的,,
197,accent,强调,,
198,accentuate,强调，突出,,
199,reflect,沉思，考虑，思考,,
200,reflectivity,【物理】反射率,,
201,crude,粗制的，粗糙的，原始的,,
202,tenacious,坚定的，顽强的,,
203,arousal,兴奋，激动，唤起,,
204,untenable,站不脚的，经不起抨击的,,
205,cherish,珍爱，珍视,,
206,wrap,包装,,
207,episodic,偶尔发生的,,
208,stump,难住，难倒,,
209,virtuosity,精湛技艺,,
210,unfeeling,冷酷无情的，没有同情心的,,
211,equable,脾气温和的,,
212,individualism,个人主义，强调个人独立和自力更生,,
213,unalloyed,纯粹的，完全的,,
214,zealot,狂热者，狂热分子,,
215,substitute,代替，用…代替,,
216,rampant,不受限制的，泛滥的，猖獗的,,
217,cronyism,任人唯亲,,
218,shun,避开，回避，避免,,
219,sabotage,蓄意破坏,,
220,divisive,造成不和的，引起分歧的，制造分裂的,,
221,blunt,率直的，直截了当的,,
222,coverage,报道,,
223,incontrovertible,无可辩驳的，不容置疑的，无可否认的,,
224,trope,比喻,,
225,rigor,严谨，一丝不苟,,
226,realization,领会，认识，看法,,
227,dearth,缺乏，不足,,
228,bear out,证实，证实…的话,,
229,permeate,漫遍，遍布，充满,,
230,permeable,可通过的，可穿过的,,
231,bound,必然的，一定的，限制，尺度，界限,,
232,foretell,预言,,
233,prescient,预知的，有预知能力的，有先见之明的,,
234,compel,强迫，使不得不,,
235,compelling,激发兴趣的，有强烈吸引力的，令人信服的,,
236,dispense,给予，提供，发放，去除，摒弃，不需要,,
237,indispensable,必不可少的，必需的,,
238,hamper,妨碍，阻碍,,
239,ponder,思考，沉思,,
240,unexampled,无先例的，绝无仅有的，空前的,,
241,unsullied,未受玷污的，无缺点的,,
242,cogent,有说服力的，令人信服的，有逻辑的,,
243,baffle,使困惑，难住,,
244,animate,激励，鼓动，使有活力,,
245,stratify,使形成阶层，使分层,,
246,excoriate,严厉指责，痛斥,,
247,vitality,生命力，生机，活力,,
248,nostalgia,怀旧，对过去充满伤感的怀念,,
249,antagonistic,对立的，敌对的,,
250,anticipate,预示，是……的先驱,,
251,commend,表扬，称赞,,
252,ramshackle,摇摇欲坠的，东歪西倒的，快要解体的,,
253,provocative,挑衅的，引人愤怒的，引人思考的,,
254,artificial,人为的，不自然的，虚假的,,
255,artifact,人工制品，手工艺品,,
256,patriotic,爱国的，有爱国心的,,
257,indebted,受惠的，蒙恩的，感激的,,
258,resilient,坚强的，能迅速从困难中恢复的,,
259,pronounced,显著的，显而易见,,
260,hallmark,标志，特点，特征,,
261,embellish,装饰，装点，美化,,
262,blemish,瑕疵，污点，缺陷,,
263,thought-provoking,引人思考的，发人深思的,,
264,gadfly,（因不断批评别人而）讨人厌的人,,
265,liberalization,放宽管制，去除管制，自由化,,
266,apropos,恰当的，合适的，合时宜的,,
267,personable,平易近人的，讨人喜欢的,,
268,dissemble,掩饰,,
269,anthropogenic,由人类活动引起的，人为的,,
270,narcissistic,自恋的,,
271,by and large,大体上，总地来说，一般来说,,
272,jarring,刺耳的，极为令人不悦的,,
273,antithesis,对立面，完全相反的事物,,
274,stupefaction,呆滞，迷糊，神志不清,,
275,derogation,贬低，轻视,,
276,implicit,暗示的，不直白的，包含在……之中的，与……紧密相关的,,
277,oust,驱逐，赶走，罢黜,,
278,nimble,灵活的，灵巧的，敏捷的,,
279,eschew,避免，避开，回避,,
280,grimy,满是污垢的，肮脏的,,
281,fancy,想像，设想,,
282,fanciful,空想的，不切实际的,,
283,intersect,相交，交叉,,
284,pecuniary,金钱的,,
285,contemplate,思考，考虑,,
286,predominant,占主导地位的，占支配地位的,,
287,stereotype,以过分简单的方式将人归类，过分简单地看待,,
288,quantum,【物理】量子,,
289,repertoire,一系列节目，一系列的本领,,
290,admittedly,诚然，确实,,
291,ubiquitous,普遍存在的，无处不在的,,
292,impressive,极好的，令人钦佩的,,
293,spotty,有好有坏的，参差不齐的,,
294,transcend,超出，超越……的范围,,
295,stringent,严格的，严厉的,,
296,seethe,怒火中烧，内心极为愤怒,,
297,highlight,强调，突出,,
298,propitious,顺利的，有利的,,
299,hypercritical,过分批评的，吹毛求疵的,,
300,knotty,棘手的，复杂的，难以解决的,,
301,flout,公然蔑视，无视,,
302,satire,讽刺,,
303,resurrect,使复苏，使重新流行,,
304,myth,神话，谣言，大众普遍持有的误解,,
305,rebellious,反叛的，造反的，反抗的,,
306,ignite,激起，使激动,,
307,teem,充满，到处都是,,
308,poise,使准备好,,
309,ennui,无聊，倦怠,,
310,subscribe,同意，赞同,,
311,sober,严肃的，庄重的，冷静的,,
312,somber,阴郁的，阴沉的，严肃的,,
313,override,撤销，推翻，使无效,,
314,accession,同意,,
315,sleek,线条明快的，造型优美的,,
316,guileless,老实的，单纯的,,
317,mandate,命令，强求,,
318,temper,减弱，限制，缓和,,
319,temperate,有节制的，有自制力的,,
320,on the verge of,边缘，接近……的程度,,
321,calculated,精心考虑的，蓄意的,,
322,contiguous,相邻的，互相接触的,,
323,one-stop,一站式的，全面的，综合性的,,
324,itinerant,巡回的，巡游的,,
325,phlegmatic,冷漠的，冷静的，感情迟钝的,,
326,manner,方式，方法,,
327,ancestry,起源，来源,,
328,rigid,死板的，僵化的，不灵活的,,
329,prognosis,预言，预测,,
330,picky,挑剔的，难伺候的,,
331,muddle,混乱，混乱的东西,,
332,moralize,讲道德，说教,,
333,moralistic,喜欢说教的，喜欢从道德上评判他人的,,
334,leach,被溶滤，被滤掉,,
335,unparalleled,无比的，无双的，独一无二的,,
336,dispel,打消，消除,,
337,remote,边远的，偏僻的，僻静的,,
338,daunting,困难的，令人望而却步的,,
339,ameliorate,改善，缓解，减轻,,
340,concomitant,伴随出现的情况,,
341,vapid,枯燥的，乏味的,,
342,churlish,粗暴的，无礼的，脾气坏的,,
343,totem,图腾，象征物，崇拜物,,
344,engender,带来，产生，导致,,
345,tyro,初学者，新手，生手,,
346,formulate,发明，规划，制定,,
347,foreground,突出，强调,,
348,momentary,片刻的，瞬息的，短暂的,,
349,momentous,重大的，重要的,,
350,wholesale,大批的，大规模的，不分青红皂白的,,
351,correspondence,信件,,
352,chunk,相当大的部分,,
353,vindication,证明……合理，证明……无罪,,
354,discrete,分离的，互不相连的，不相关联的,,
355,discreet,谨慎的，慎重的，偷偷的，不引人注目的,,
356,discretion,谨慎，慎重，自主权，自行做决定的自由,,
357,lapse,小错，失误，差错,,
358,brag,自夸，吹嘘，吹牛,,
359,formidable,难以克服的，难对付的,,
360,parochial,眼光狭隘的,,
361,diminutive,极小的,,
362,metaphor,隐喻，比喻,,
363,imperil,使陷于危险，危及,,
364,flippant,轻浮的，不严肃的，不敬的,,
365,maze,曲径，迷宫,,
366,puncture,穿孔，刺穿，刺破,,
367,petulant,脾气坏的,,
368,umbrage,生气，不愉快,,
369,bleak,没有希望的，凄凉的，阴郁的,,
370,complement,补充，补足,,
371,compliment,恭维，称赞,,
372,competence,能力，胜任，称职,,
373,alien,陌生的，不熟悉的，不习惯的,,
374,alienation,被孤立，被冷落，被疏远，不支持，不喜欢，疏远,,
375,valediction,告别，告别辞,,
376,amalgam,混合物,,
377,doom,使注定灭亡，使完蛋,,
378,bibliography,文献目录，参考书目,,
379,boisterous,喧闹的，活蹦乱跳的,,
380,snob,对地位高于自己者极力攀附、对地位低于自己者冷落蔑视的人，势利眼,,
381,vociferous,大声疾呼的，大吵大嚷的,,
382,impassioned,充满激情的，激昂的，热烈的,,
383,versatile,有多种技能的，多才多艺的,,
384,connoisseur,行家，鉴赏家,,
385,patron,资助人，赞助人,,
386,patronizing,傲慢的，自认为高人一等的,,
387,modicum,少量，一点点,,
388,revel,享受，陶醉于，纵情于,,
389,numinous,超自然的，神秘的,,
390,heterogeneous,由不同成分组成的，混杂的,,
391,coincidence,巧合,,
392,cause,事业，信仰，目标,,
393,chronology,大事年表，年代顺序，时间顺序,,
394,fusion,联合，合并,,
395,sensational,引起轰动的,,
396,cliché,陈词滥调,,
397,antediluvian,极为落伍的，老掉牙的,,
398,hard-and-fast,明确的，不容改变的,,
399,trendy,时髦的，赶时髦的,,
400,anachronistic,时代错误的，不和时代的，过时的，落伍的,,
401,theatrics,夸张的言行，演戏一样的举止，矫揉造作的姿态,,
402,confessional,自白的，忏悔的,,
403,far-fetched,牵强的，不可信的,,
404,restive,焦躁不安的，不耐烦的,,
405,restless,焦躁不安的,,
406,hypercritical,过分批评的，吹毛求疵的,,
407,faction,（政党、组织等内部的）派别，宗派,,
408,dispassionate,客观的，理性的，平心而论的,,
409,importunate,再三要求的，纠缠不休的，胡搅蛮缠的,,
410,concede,承认，（不情愿地）认可,,
411,majestic,雄伟的，壮丽的，威严的,,
412,adept,熟练地，擅长的,,
413,promise,前途，前景，成功的潜力，很有可能，很有可能带来，预示,,
414,stalwart,坚定的，坚决的,,
415,surplus,过剩，剩余,,
416,anonymous,匿名的，无名的,,
417,transmit,传送，传递，传达,,
418,irascible,易怒的，性情暴躁的,,
419,ridicule,嘲笑，嘲弄，戏弄,,
420,premium,额外的费用，更多的费用，高级的，优质的，精品的,,
421,enervate,使衰弱，使无力，使失去活力,,
422,arcane,神秘的，少有人懂的,,
423,persevere,坚持不懈，锲而不舍,,
424,salient,显著的，突出的,,
425,ancillary,辅助的，补充的,,
426,contingent,有可能的，不确定的，取决于……的，视……而定的,,
427,plentiful,丰富的，充足的，多的,,
428,suspicious,表示怀疑的,,
429,whereas,然而，但是，尽管,,
430,appreciation,欣赏，鉴赏,,
431,nondescript,没有明显特征的,,
432,pushover,易受影响的人，听话的人,,
433,paradigm,典型例子，典范，范式，科学研究中供他人参考、模仿、比较的对象,,
434,embolden,使有胆量，鼓励，壮胆,,
435,fusty,守旧的，古板的，过时的,,
436,electorate,[总称]选民,,
437,opportunism,机会主义，只关注把握眼前机会而不顾道德或长远目标,,
438,tart,尖刻的，辛辣的，刻薄的,,
439,fudge,含糊其辞，搪塞,,
440,traumatic,令人痛苦的，带来心理创伤的,,
441,winnow,筛选，区分,,
442,outstrip,超过,,
443,equitable,公平的，公正的,,
444,sector,部分，部门,,
445,stifle,扼杀，抑止，阻止,,
446,wrest sth. from,挣脱,,
447,epic,英雄的，壮丽的，史诗般的,,
448,divulge,泄露，透露,,
449,self-perpetuating,自我持续的,,
450,inherent,内在的，固有的，生来就有的,,
451,innumerable,无数的，数不清的,,
452,instantaneous,瞬间的，即刻的,,
453,molder,碎裂，崩塌，腐烂,,
454,philistine,没有文化修养的人，反感文化艺术的人,,
455,in spite of,尽管,,
456,recoil,退却，后退，退缩,,
457,indict,控诉，谴责,,
458,accommodate,使相容，使一致，使协调，适应,,
459,mercenary,唯利是图的，贪财的,,
460,cataclysm,大灾难，大动荡,,
461,counter,反对，反击，反驳,,
462,elucidate,阐明，解释,,
463,self-effacing,谦逊的，低调的,,
464,inopportune,不凑巧的，不合时宜的，不合适的,,
465,enhance,提高，增大，增强,,
466,wary,谨慎的，小心翼翼的，警惕的,,
467,make sense,合理，有道理，可行,,
468,speculate,推测，猜测，推断,,
469,laudatory,表示赞美的，颂扬性的，褒扬的,,
470,civility,礼貌，客气，谦恭,,
471,opprobrium,辱骂，蔑视，猛烈批评,,
472,make a (or no) difference,有显著影响，带来影响,,
473,impassive,无动于衷的，不动声色的，面无表情的,,
474,unethical,不道德的,,
475,probity,正直，诚实,,
476,befuddle,使糊涂，使迷惑不解,,
477,deplete,耗尽，大大减少,,
478,devise,设计，发明，想出,,
479,juvenile,幼稚的，不成熟的,,
480,ponderous,枯燥乏味的，过于严肃的,,
481,conundrum,谜，难题,,
482,tilt,倾斜，倾侧,,
483,fecundity,繁殖力，生殖力,,
484,mitigate,使缓和，使温和,,
485,exotic,奇异的，异国情调的,,
486,bountiful,充足的，丰富的,,
487,sloth,懒散，怠惰,,
488,journalism,新闻业，新闻工作,,
489,intractable,难对付的，棘手的，倔强的，难管的,,
490,inventive,创新的，有新意的,,
491,subservient,次要的，从属的，地位位于……之下的,,
492,set in,到来，开始,,
493,deficiency,缺乏，缺少，不足,,
494,aggravate,加重，加剧，使恶化,,
495,snappish,厉声说话的，没好气的,,
496,lucrative,赚钱的,,
497,feckless,没出息的，不负责任的,,
498,squander,浪费，挥霍,,
499,prose,文章，文字,,
500,prosaic,平凡的，乏味的，没有诗意的,,
501,riveting,极为迷人的，让人难以自拔的,,
502,gut,直觉，感觉，本能,,
503,erudite,博学的，知识渊博的,,
504,renewal,更新，复兴，重生,,
505,reiterate,重申,,
506,case,实际情况，事实，理由，道理，论证,,
507,cast,演员，全体演员,,
508,sound,合理的，明智的,,
509,continuity,连续，持续，连续性,,
510,gravitate,受吸引，趋向于,,
511,downright,彻底的，完全的，真正的,,
512,tenure,任期,,
513,tenured,终身的,,
514,ambiguous,含糊不清的，模棱两可的,,
515,statistics,统计，统计资料,,
516,dictum,名言，格言，权威意见,,
517,transgress,违反,,
518,abuse,滥用,,
519,susceptible,易受影响的,,
520,societal,社会的,,
521,insulate,保护，隔离，使免受负面影响,,
522,concise,简洁的，言简意赅的,,
523,sophist,诡辩者,,
524,aggrandize,扩大…的权势，提高…的地位，增加…的财富,,
525,esteem,尊重，敬重,,
526,juxtaposition,并列，放置在一起,,
527,stingy,吝啬的，小气的,,
528,genteel,彬彬有礼的，有教养的,,
529,steadfast,坚定的，忠实的,,
530,ban,禁止，禁令,,
531,defy,违抗，反抗，蔑视,,
532,diffuse,传播，扩散，使四散,,
533,discourse,演讲，辩论，探讨，论述,,
534,collective,集体的，共同的，集体所有的,,
535,entreat,恳求，乞求，请求,,
536,endow,资助，捐赠，给予，赋予,,
537,aspersion,诽谤，中伤,,
538,communal,集体公用的，公共的，共同的,,
539,blatant,公然的，毫不羞耻的,,
540,arduous,艰巨的，费力的，困难的,,
541,usher,创始，开辟,,
542,camouflage,伪装，保护色,,
543,oversight,忽视，疏忽,,
544,regal,有帝王风范的，威严的，豪华的,,
545,glib,油嘴滑舌的，轻率的，不经思考的,,
546,suspense,悬念,,
547,suspend,暂停，使暂时中止，悬挂，悬吊,,
548,particularize,详细说明，具体说明,,
549,particularly,格外，非常，尤其，尤其是,,
550,manage,控制，限制，约束，成功做到，成功达成,,
551,managerial,经理的，管理人员的,,
552,management,管理层,,
553,sporadic,偶尔的，断断续续的，零散的,,
554,feat,功绩，英勇事迹,,
555,inclusive,全部包含在内的，全面的，范围大的,,
556,sanguine,乐天的，乐观的,,
557,sanguinity,乐天，乐观,,
558,agenda,工作计划，打算,,
559,biography,传记，生平,,
560,pretense,虚假，虚伪，假装,,
561,pretentious,装模作样的，装腔作势的，自命不凡的,,
562,licence,不拘一格，破格,,
563,humility,谦逊，谦恭,,
564,insipid,枯燥无味的,,
565,intricate,错综复杂的，盘根错结的，复杂精细的,,
566,unwieldy,笨重的,,
567,lambaste,严厉批评，痛斥,,
568,run (or take) its course,听任……，任……自然发展,,
569,maintain,坚持，断言，主张,,
570,insalubrious,不利于健康的，有损健康的,,
571,sanctimonious,道貌岸然的，装作虔诚的,,
572,proffer,提供，提出,,
573,entrench,牢固确立，使地位稳固,,
574,at best,充其量，在最好的情况下,,
575,gentility,有风度，文雅，彬彬有礼,,
576,fluster,使慌张，使不知所措,,
577,surfeit,过量，过度,,
578,legislation,法律，法规,,
579,lull,暂停，暂时平息，暂时平静,,
580,baneful,有害的,,
581,polemical,争吵的，喜欢争吵的，措辞激烈的,,
582,stalemate,僵持，僵局,,
583,meticulous,一丝不苟的,,
584,incinerator,焚化炉,,
585,untether,使不受束缚，使不受限制,,
586,overture,序言，事件的开端,,
587,pioneering,创新的，先驱的,,
588,captivate,使入迷，迷住,,
589,misleading,骗人的，迷惑人的,,
590,assert,肯定地说出，断言,,
591,assertive,坚定的，极为自信的,,
592,placate,平息，安抚，使息怒,,
593,implacable,无法和解的，无法平息的,,
594,facet,方面,,
595,purveyor,供应者，提供者,,
596,cumbersome,笨重的,,
597,encumber,妨碍，阻碍,,
598,unencumbered,不受妨碍的，没有阻碍的,,
599,unobservable,无法观察的，难以察觉的，注意不到的,,
600,vicious,凶残的，残忍的,,
601,crass,粗俗的，粗俗的，愚钝的,,
602,affable,友好的，平易近人的,,
603,occasional,偶尔的,,
604,exacerbate,加剧，恶化,,
605,recession,衰退，衰退期,,
606,founder,失败，崩溃,,
607,requisite,需要的，必要的，必不可少的,,
608,entice,诱使，诱惑，吸引,,
609,tonic,滋补的，强身的，使人精神振奋的,,
610,disband,被解散，被遣散,,
611,sweeping,空泛的，泛泛而谈的,,
612,replete,充满的，装满的，充斥的,,
613,replenish,把…装满，补充,,
614,germane,切题的，紧密相关的,,
615,equate,等同，视……为相同,,
616,dogmatic,专横的，武断的，不容他人质疑的,,
617,multifarious,多样的，各种各样的,,
618,multifaceted,多方面的,,
619,eternal,永恒的，永存的，永远不变的,,
620,reciprocity,互给，互惠,,
621,offish,冷漠的，疏远的，不平易近人的,,
622,solitary,单独的，独处的，孤独的,,
623,exculpation,开脱，免除罪责,,
624,exculpatory  ,开脱的,,
625,trumpet,大肆宣扬，大声宣告,,
626,sanity,清醒，理智,,
627,counterweight,用于平衡……影响的事物,,
628,synthesis,综合，结合，综合体,,
629,constrict,抑制，约束,,
630,beset,困扰，使苦恼,,
631,slump,骤降，猛跌,,
632,ideology,思想体系，意识形态,,
633,ideological,思想体系的，意识形态的,,
634,grandstand,卖弄，哗众取宠,,
635,inexplicable,无法解释的，莫名其妙的,,
636,consequential,重大的，重要的,,
637,inconsequential ,不重要的,,
638,amplify,放大，增强，详细阐述，详细说明,,
639,impregnable,牢不可破的，无懈可击的,,
640,enchanting,令人陶醉的，迷人的,,
641,tropic,热带地区,,
642,volatile,情绪变化无常的，容易恶化的，不稳定的,,
643,overstate,夸大，把…讲得过分,,
644,fuel,刺激，助长，维持,,
645,argue,主张，提出，给出理由支持或反对,,
646,arguably,有可能是，可以说是,,
647,argumentative,好争论的，好争吵的,,
648,argument,论证，理由,,
649,heedless,不注意的，掉以轻心的,,
650,noisome,恶臭的,,
651,disorient,使迷惘，使不知所措，使无所适从,,
652,slapdash,马虎的，仓促的，粗制滥造的,,
653,fastidious,挑剔的，一丝不苟的,,
654,chronic,慢性的，长期的,,
655,fine-tune,微调，调节,,
656,exempt,豁免的，无需承担的,,
657,defer,推迟，拖延，使推迟，遵从，听从，服从,,
658,deference,遵从，听从，服从,,
659,deferential,恭敬的,,
660,interplay,相互影响，相互作用,,
661,overbearing,专横的，傲慢的，盛气凌人的,,
662,decry,公开谴责，强烈批评,,
663,quibble,吹毛求疵，找岔子，争吵,,
664,underscore,强调,,
665,rectitude,操行端正，正直,,
666,hedge,加以限制条件,,
667,deliberate,故意的，蓄意的，慎重的，深思熟虑的，慢条斯理的，不慌不忙的,,
668,deliberation,细想，考虑，详细研究,,
669,enterprise,事业，计划,,
670,enterprising,有事业心的，有进取心的，有魄力的,,
671,limp,艰难缓慢地行进，蹒跚,,
672,critical,评论的，评论界的，致命的，极为严重的,,
673,criticism ,评论，评论文章,,
674,criticism  ,批评，批判，指责,,
675,critique,评论文章,,
676,paltry,极少的，微不足道的，琐碎的，没有价值的,,
677,forebear,祖宗，祖先,,
678,spurn,蔑视，鄙视,,
679,brief,简短的，简洁的,,
680,brevity,简练，简短,,
681,bumbling,常出差错的，笨手笨脚的,,
682,conversant,熟悉的，精通的,,
683,anew,再，再一次，重新,,
684,ramification,影响，后果,,
685,innocuous,无伤大雅的，不得罪人的，无害的,,
686,embed,使嵌入，使根植于,,
687,augur,是好的预兆,,
688,hone,磨练，磨砺，提高,,
689,thesis,论点，主要观点,,
690,constrain,限制，约束,,
691,constraint ,限制，约束,,
692,spore,孢子,,
693,sovereignty,主权,,
694,prolific,多产的，作品多的,,
695,atypical,不典型的，非典型的,,
696,tranquil,平静的，安静的，安宁的,,
697,improbable,不大可能的,,
698,vision,远见，想象力，远见卓识，想象，想法，看法,,
699,visionary,富有远见的，有远见卓识的,,
700,folly,愚蠢,,
701,lurid,可怕的，耸人听闻的,,
702,bland,温和的，平淡无奇的,,
703,self-serving,自私的，谋私利的,,
704,sordid,卑鄙的，下作的,,
705,avow,公开承认，公开声称,,
706,asset,优点，长处，有利条件,,
707,collaborate,合作，协作,,
708,hectic,繁忙的，忙乱的,,
709,duplicate,复制,,
710,border on,近乎于……，几乎是……,,
711,antiquarian,古文物的，收藏古文物的,,
712,purport,声称，自称，假称,,
713,accretion,增加，积累,,
714,sensuality,感官享受，肉体享受,,
715,sensuous,愉悦感官的，带来感官享受的,,
716,sensory,感觉的，感官的,,
717,tortuous,转弯抹角的，复杂的，曲折的,,
718,impenetrable,无法理解的,,
719,penetrating,深刻的，富有洞察力的,,
720,elicit,引起，使发出,,
721,sleazy,卑鄙的，肮脏的，不道德的,,
722,outlandish,希奇古怪的，奇特的,,
723,received,普遍认可的，权威的，公认的,,
724,reception,反应，反响,,
725,redundancy,多余，冗余，累赘,,
726,redundant,过多的，多余的，累赘的,,
727,corollary,必然结果，直接结果,,
728,paraphernalia,随身物品，装备,,
729,instability,不稳定，不稳固,,
730,razor-sharp,极为锋利的，极为犀利的,,
731,champion,捍卫，拥护，支持，捍卫者，支持者,,
732,iconoclastic,反传统的，攻击传统的,,
733,naive,幼稚的，天真的,,
734,naiveté,幼稚，天真,,
735,exemplar,模范，典范,,
736,deem,认为，视为,,
737,extremist,极端主义者，极度狂热者,,
738,predilection,偏爱，偏好,,
739,ample,大量的，充裕的，丰富的,,
740,inexorable,不容变更的，不可阻挡的,,
741,insidious,阴险的，暗中为害的,,
742,genre,体裁，流派,,
743,datable,可确定来自……年代的,,
744,awry,出错的，出岔子的，偏离预期的,,
745,intervention,干涉，干预，介入,,
746,decision-making,做决策,,
747,pertinacity,坚持，坚定,,
748,confront,勇敢地面对，正视，对抗,,
749,confrontation,对抗，冲突,,
750,exhilarating,令人高兴的，使人振奋的,,
751,heretofore,直到此时，迄今为止，在这之前,,
752,conducive,有帮助的，有益的,,
753,instinctive,出于本能的，凭直觉的,,
754,upheaval,剧变，动荡,,
755,burgeon,迅速生长，繁荣发展,,
756,annihilate,彻底消灭,,
757,discern,发现，觉察,,
758,discernment,洞察力，敏锐，精明,,
759,transparent,浅显的，易懂的，明显的,,
760,trifling,微不足道的，无足轻重的,,
761,tease,翻检出，挑出,,
762,haphazard,随意的，毫无条理的,,
763,naysay,拒绝，否认，反对,,
764,budding,正发芽的，发展中的,,
765,wild-eyed,完全不切实际的，想法过激的,,
766,boorish,粗野的，粗俗的,,
767,enviable,令人羡慕的，令人嫉妒的,,
768,removed,远离的，相去甚远的，截然不同的,,
769,comic strips,连环画,,
770,astringent,严厉的，尖刻的,,
771,punctuate,打断，使置于……之中,,
772,misinterpret,误解,,
773,consolidate,巩固，加强,,
774,pertain,相关，适用，切题,,
775,pertinent,相关的，适用的，切题的,,
776,impertinent,无礼的，冒昧的，离题的，不相关的，不关紧要的,,
777,panache,神气十足，潇洒的气质,,
778,expedient,权宜之计，应急的手段,,
779,sagacious,睿智的，聪慧的,,
780,infectious,传染性的，有感染力的,,
781,forsake,放弃，抛弃,,
782,hindsight,事后的认识，事后聪明,,
783,radical,极端的，过激的，激进的,,
784,pitiful,可怜的，可悲的，极为差劲的,,
785,insuperable,不可逾越的，不能克服的，抑制不住的,,
786,egalitarian,平等主义的，主张人人平等的,,
787,medieval,中世纪的,,
788,indicator,指示者，指示物,,
789,indicative,表明……的,,
790,unimpeachable,无可置疑的，无可指责的,,
791,assume,假定，假想，认为，承担，接受,,
792,assumption,假定，臆断,,
793,unassuming,不自大的，谦逊的,,
794,nurture,养育，培育，教养,,
795,heartfelt,衷心的，诚挚的，发自内心的,,
796,parallel,相似的事物，与……相当的事物，与……相呼应，与……类似,,
797,bemuse,使困惑，使茫然,,
798,erode,逐步毁坏，削弱，损害,,
799,erosion,削弱，减少，损害,,
800,employ,使用，利用,,
801,pedigree,起源，由来,,
802,delude,欺骗，哄骗,,
803,delusive,虚假的，欺骗性的,,
804,modest,谦虚的，谦逊的，谦恭的，有限的，不多的，不奢侈的,,
805,modesty,谦虚,,
806,analogue,相似物，类似情况,,
807,analogous,相似的，类似的,,
808,endorse,赞同，支持，认可,,
809,insufficient,不足的，不充分的,,
810,feminist,女权主义的,,
811,reconstruct,修复，重建,,
812,lingering,拖延的，长久的，迟迟不去的,,
813,downplay,对…轻描淡写，贬低，低估,,
814,falsehood,谎言,,
815,anthology,选集,,
816,outright,全部地，完全地，彻底地,,
817,redouble,加强，大大增加,,
818,frenzy,狂热，疯狂，极度的激动,,
819,forbidding,样子可怕的，令人生畏的,,
820,countermand,撤销，取消,,
821,placebo,安慰剂，无效对照剂，医疗实验中用于对照组的没有治疗效果的药物,,
822,introspective,自省的，好自省的,,
823,idiosyncrasy,独特之处，与他人不同的特点,,
824,idiosyncratic,特有的，独特的，与他人不同的,,
825,impulse,冲动，一时的念头,,
826,impulsive,冲动的，易冲动的，由冲动造成的,,
827,precarious,不牢靠的，不稳妥的，危险的,,
828,salutary,有益的，有利的,,
829,putative,普遍认为的,,
830,inert,没有活力的，惰性的,,
831,inertia,不活动，惰性，迟钝,,
832,inertial  ,惰性的，惯性的,,
833,strait,困境，窘境,,
834,childbearing,生育,,
835,mendacity,撒谎，欺骗,,
836,inductive,归纳的,,
837,generic,一般的，普通的，通用的,,
838,senescence,衰老，变老,,
839,grandiose,宏伟的，壮丽的,,
840,grandiosity,夸张，宏伟,,
841,grandeur  ,壮丽，辉煌,,
842,pledge,承诺，保证，发誓,,
843,exigent,急需的,,
844,specious,似是而非的，欺骗性的,,
845,painstaking,极为仔细的，一丝不苟的,,
846,decrepitude,衰老，破旧,,
847,elation,极为高兴，兴高采烈,,
848,tedious,冗长乏味的,,
849,prophetic,预言的，预示的,,
850,obfuscate,使混乱，使难懂，使不清楚,,
851,persuasive,有说服力的，能说得使人相信的,,
852,prohibition,禁止,,
853,oblivious,不知道的，不在意的,,
854,animus,恶意，敌意,,
855,obtain,得到，获得,,
856,surge,急剧上升，激增,,
857,upsurge,增长，急剧上升,,
858,tribute,歌颂，致敬，感激,,
859,intermediary,调解人，中间人,,
860,adduce,引证，举出,,
861,spiteful,恶意的，怀有恶意的，怀恨在心的,,
862,hold (or keep) someone/something at bay,抵抗，防止……产生影响,,
863,provincialism,地方主义，地方观念，狭隘,,
864,conspire,共同导致,,
865,enormous,极大的，巨大的,,
866,enormity,巨大，广大,,
867,upshot,结果，结局,,
868,ingenious,聪明的，有创造力的，足智多谋的，巧妙的，新奇的,,
869,ingenuity,聪明，巧妙，创新,,
870,diplomatic,外交的，从事外交的,,
871,turbulent,动荡的，混乱的,,
872,resentment,忿恨，怨恨,,
873,subvert,颠覆,,
874,subversive,颠覆传统的，颠覆既有事物的,,
875,subversion,颠覆，颠覆政权，颠覆传统,,
876,strive,努力，奋斗,,
877,insufferable,不能容忍的，难以忍受的,,
878,incendiary,煽动性的,,
879,induce,引起，导致，诱使,,
880,corroborate,证实，证明,,
881,succinct,简明的，简洁的，简练的,,
882,coddle,娇生惯养，溺爱,,
883,aver,断言，坚称,,
884,auspicious,顺利的，有利的,,
885,redesign,重新设计，重新制订,,
886,drastic,激烈的，迅猛的，猛烈的,,
887,natter,闲聊,,
888,dishearten,使沮丧，使灰心,,
889,meet,得到，获得,,
890,sycophancy,谄媚，拍马屁,,
891,sycophantic,谄媚的，拍马屁的,,
892,lament,为…悲痛，哀悼，痛惜,,
893,flit,掠过，轻快地移动,,
894,shrill,尖声说出，尖叫,,
895,attune,使适应，使符合,,
896,keen,热切的，热情的，敏锐的,,
897,acquired,后天习得的,,
898,acquisition ,取得，获得,,
899,runoff,流走，流失，地表径流,,
900,per capita,人均的，人均地,,
901,perish,被摧毁，毁灭，消亡，死亡，灭亡,,
902,fad,一时的风尚，一时的狂热,,
903,affirm,断言，坚持声称，支持，证实,,
904,affirmative,肯定的,,
905,pathological,病态的，过度的，过分的,,
906,loath,不愿意的，厌恶的,,
907,populist,平民主义者，平民论者,,
908,privation,缺乏，匮乏，失去,,
909,synonym,同义词，,,
910,synonymous,同义的，意思相同的,,
911,moderate,减轻，使缓和，使克制，不极端的，温和的,,
912,cast-iron,坚定的，不妥协的，强有力的,,
913,accumulation,堆积，积累，积聚,,
914,chivalrous,彬彬有礼的，殷勤的,,
915,bootless,没有用的，没有效的,,
916,engage,使参与，使从事，使做某事，参与，从事，做，探讨，讨论,,
917,engaging  ,有吸引力的，迷人的,,
918,flaw,缺点，瑕疵,,
919,flawed,有瑕疵的，有缺陷的，有错误的,,
920,flawless,完美的，无瑕的,,
921,cunning,狡猾的,,
922,prefigure,预示,,
923,commiserate,同情，怜悯,,
924,intrude,侵入，闯入,,
925,aerial,航空的，飞机的，空中的,,
926,inevitable,不可避免的，必然的,,
927,await,等待,,
928,palliative,缓解痛苦的，治标不治本的,,
929,nomadic,游牧的，游牧生活的,,
930,boast,自豪，夸耀,,
931,untrammeled,不受束缚的，自由自在的,,
932,off-kilter,古怪的，不同寻常的,,
933,malleable,可变的，可塑的，易受外界影响的,,
934,reproduce,再生产，再制造，复制,,
935,debilitate,削弱，使虚弱，使衰弱,,
936,arousal,兴奋，激动，唤起,,
937,paucity,量少，不足，缺乏,,
938,skullduggery,阴谋诡计，欺骗,,
939,fleeting,飞逝的，短暂的，一闪而过的,,
940,opaque,晦涩的，难理解的,,
941,tactical,战术的，策略的,,
942,overt,公开的，明显的,,
943,renaissance,文艺复兴，再生，复活，复兴,,
944,virtual,几乎是……的，虚拟的,,
945,virtually,几乎,,
946,affect,假装，装出,,
947,affection,喜欢，爱,,
948,effect,带来，达成，实现,,
949,ineffectual,毫无效果的，不奏效的,,
950,activist,激进分子，试图带来社会变革的人，激进主义的，激进分子的,,
951,original,起初的，最开始的，原来的，创新的，新颖的,,
952,originality,独创性，新颖，别致,,
953,originate,发源，来自，产生,,
954,astute,敏锐的，精明的,,
955,debut,首秀，首次亮相,,
956,flamboyant,华丽的，炫目的，活力四射的,,
957,respite,喘息之机，暂时缓解,,
958,mascot,吉祥物,,
959,isolated,隔离的，孤立的，单独的,,
960,destructive,破坏性的,,
961,emerge,幸存下来，恢复过来,,
962,emergent,刚出现的，刚兴起的,,
963,emergence,浮现，出现，露头,,
964,modify,修改，改造，改装,,
965,modification ,修改，更改，改变,,
966,perplex,使困惑，使茫然，使费解,,
967,perplexing,使人困惑的，使人茫然的，令人费解的,,
968,nuance,细微差别,,
969,finicky,过分讲究的，挑剔的，难讨好的，过分重视细节的,,
970,valorize,肯定，认可,,
971,prolong,延长，拉长，拖延,,
972,prolonged,长的，漫长的,,
973,circuitous,迂回的，曲折的,,
974,circuitry,电路，电路系统，脑回路，神经通路,,
975,prone,有…倾向的，易于…的，很可能…的,,
976,corrosive,有害的，破坏性的,,
977,conciliatory,安抚的，和解的,,
978,chagrin,懊恼，恼怒，苦恼,,
979,anecdote,道听途说，传闻,,
980,anecdotal ,道听途说的，基于个人经验而非科学研究的，不可靠的,,
981,terrain,地形，土地，地方,,
982,terrestrial,陆生的，长在土壤里的，陆栖的,,
983,extraterrestrial,地球外的，行星际的，宇宙的,,
984,sluggish,缓慢的，慢的,,
985,proliferate,激增，扩散,,
986,proliferation,激增，扩散,,
987,congenial,志趣相投的，合得来的,,
988,investor,投资者，投资人,,
989,startling,惊人的,,
990,objective,公正的，不带偏见的，不带个人感情的，客观的，真实的，目标，目的,,
991,objectivity ,客观，客观性,,
992,understate,把……描述地不像实际那样重要或严重，轻描淡写,,
993,understatement ,程度小于实际的说法，轻描淡写,,
994,interdisciplinary,跨学科的,,
995,undisciplined,不遵守纪律的，不服从命令的,,
996,converge,交汇，趋同，逐渐变得相同,,
997,convergent ,趋同的,,
998,literary,文学的,,
999,gainsay,反驳，反对,,
1000,strenuous,艰苦的，繁重的,,
1001,upkeep,保养，维护,,
1002,precipitate,鲁莽的，草率的,,
1003,ironic,具有讽刺意味的，出乎意料的，令人啼笑皆非的,,
1004,irony,具有讽刺意味的事，出乎意料的事,,
1005,cognition,认知，认知能力,,
1006,cognitive,认知的，认知能力的,,
1007,protracted,延长的，拖延的,,
1008,malfeasance,（尤指公务人员的）违法行为，渎职,,
1009,misfeasance,违法行为,,
1010,recreation,消遣，娱乐，游戏,,
1011,recreational ,消遣的，娱乐的,,
1012,minuscule,非常小的，极小的,,
1013,interest,利益集团，利益,,
1014,self-interest,自身利益，私利,,
1015,disinterested,客观的，公正的，无私的,,
1016,disinterest ,客观，公正，无私,,
1017,abstemious,有节制的,,
1018,precede,处在…之前，先于……出现,,
1019,precedent,先例,,
1020,unprecedented,空前的，史无前例的，没有先例的,,
1021,superior,更好的，更高级的，更优秀的,,
1022,cultivate,培养，建立，试图获得,,
1023,chimera,幻想的事物，不可能的事物,,
1024,inflammatory,使人激愤的，煽动性的,,
1025,laconic,惜字如金的，用词极为简短的,,
1026,strike,给人以……的印象，对……感到震撼,,
1027,striking,惹人注目的，显著的，极大的,,
1028,archaic,极为过时的，极为落伍的,,
1029,bedrock,基本原则，基础,,
1030,recollection,回忆，记忆，记忆力,,
1031,sever,切断，断开,,
1032,cur,劣等狗，杂种狗，恶狗,,
1033,acrimony,尖刻，激烈,,
1034,acrimonious ,尖刻的，激烈的,,
1035,cutting,伤人感情的，挖苦的，尖刻的,,
1036,pristine,未触动过的，未受破坏的，崭新的,,
1037,taciturn,沉默寡言的，不爱说话的,,
1038,effluvium,气味，恶臭,,
1039,resign,使接受，使面对现实,,
1040,resigned,接受现实的，无可奈何的,,
1041,resignation ,接受现实，无可奈何,,
1042,deify,神化，把…奉若神明,,
1043,meager,缺乏的，不足的,,
1044,onerous,艰巨的，繁重的，麻烦的,,
1045,disgorge,吐出,,
1046,venture,有风险的商业活动，敢于，冒险去,,
1047,plaintive,悲伤的，哀怨的,,
1048,distract,使分心，使分散注意力,,
1049,dissenminate,散布（信息等），传播,,
1050,meditation,沉思，深思，冥想,,
1051,hard-boiled,强硬的，不为所动的,,
1052,capricious,反复无常的，容易头脑发热的,,
1053,veneration,极为尊敬,,
1054,obdurate,固执的，顽固不化的,,
1055,obduracy,固执，顽固不化,,
1056,nourishment,食物，营养，养分,,
1057,latent,潜在的，隐伏的，不易察觉的,,
1058,lyrical,富有诗意的,,
1059,merge,使合为一体，使融合,,
1060,spew,喷涌，喷射,,
1061,considerably,相当大地，在很大程度上,,
1062,brackish,味道不好的，令人不快的，使人恶心的,,
1063,vault,金库，保险库,,
1064,assurance,信心，确信，确定,,
1065,trove,宝库，有着大量好东西的地方,,
1066,clandestine,偷偷摸摸，秘密的，暗中的,,
1067,membrane,薄膜，膜状物,,
1068,circumstantial,环境导致的，视情况而定的,,
1069,refer,指的是,,
1070,reference,提及，提到，参考文献,,
1071,perfidious,背信弃义的，不忠实的,,
1072,serendipity,意外发现有益的事物，机缘巧合,,
1073,forbear,忍住，克制,,
1074,tract,大片，一大片土地,,
1075,renounce,宣布放弃，抛弃，弃绝,,
1076,utilize,使用，利用,,
1077,utility,有用，实用,,
1078,utilitarian,有效用的，实用的,,
1079,utilitarianism,功利主义,,
1080,underestimate,低估,,
1081,rattle,使紧张，使担忧，使恼火,,
1082,forge,打造，塑造，形成,,
1083,prime minister,首相,,
1084,distort,歪曲，曲解,,
1085,distortion ,歪曲，曲解,,
1086,convey,表达，表示，传达,,
1087,fall short of,达不到，不符合,,
1088,adroit,灵巧的,,
1089,boundary,分界线，边界，界限,,
1090,revile,辱骂，谩骂，痛斥,,
1091,disdain,鄙视，蔑视,,
1092,negate,使失效，使无效，否定，否认，否认…的存在,,
1093,labor,工人，劳动力,,
1094,labor union ,工会,,
1095,union,工会,,
1096,judicial,司法的，审判的,,
1097,judicious,明断的，明智的，有见地的,,
1098,witty,诙谐的，机智而幽默的,,
1099,unwitting,不知道的，没有意识到的，不知不觉的,,
1100,limpid,清澈的，透明的,,
1101,rarity,稀有，罕见，稀有的事物,,
1102,rarefied,曲高和寡的，玄奥的，高深的,,
1103,strew,散布，使遍布,,
1104,vantage,可以提供良好视野的地方,,
1105,megalomania,自大狂，病态地高估自己的能力或重要性,,
1106,norm,正常情况,,
1107,pose,造成，构成,,
1108,incommensurable,不能相比较的，没有可比性的，截然不同的,,
1109,incommensurate,不相称的，不成比例的,,
1110,shading,细微变化，细微差别,,
1111,supercilious,高傲的，轻蔑的,,
1112,overthrow,推翻，打倒,,
1113,bewilder,使困惑，难住,,
1114,disparate,截然不同的，没有可比性的,,
1115,disparity,巨大差异,,
1116,parity,相同，相等,,
1117,stoicism,默默忍受困难或痛苦,,
1118,marvel,感到惊讶，感到好奇，奇迹，令人惊奇的事物,,
1119,attest,证明，表明,,
1120,absurd,荒谬的，荒唐的，滑稽可笑的,,
1121,prudence,审慎，小心,,
1122,anatomy,解剖学,,
1123,anatomize,剖析，仔细研究,,
1124,mirthful,欢乐的，高兴的,,
1125,gregarious,合群的，爱交友的,,
1126,proxy,代理人,,
1127,infinite,无限的，无穷的,,
1128,finite,有限的，有限度的,,
1129,incite,刺激，激起，煽动,,
1130,impotence,无能，无能为力，束手无策,,
1131,excellence,优秀，卓越，杰出,,
1132,mediate,达成，实现，表达，传达，传递,,
1133,alleviate,缓解，缓和，减轻,,
1134,protean,能扮演多种角色的，多才多艺的,,
1135,thwart,反对，阻挠，挫败,,
1136,inimical,有害的，不利的,,
1137,pensive,沉思的，苦思冥想的，闷闷不乐的,,
1138,slumber,睡觉,,
1139,array,一大堆，很多,,
1140,counterpart,对等的事物，与……地位或作用相似的事物,,
1141,luminous,睿智的，有见识的,,
1142,copious,丰富的，充裕的,,
1143,patchwork,拼凑的东西，混合物,,
1144,callow,稚嫩的，没有经验的,,
1145,standing,地位，身份，名声,,
1146,peripheral,次要的，无关紧要的,,
1147,periphery,次要部分，无关紧要部分,,
1148,spot,发现，发觉,,
1149,autobiography,自传,,
1150,serenity,平静，安详，宁静,,
1151,polarize,使两极分化，使对立,,
1152,portend,预示，预兆,,
1153,portent ,凶兆，不祥之兆,,
1154,mordancy,尖刻，辛辣，刻薄,,
1155,verifiable,可证实的，可核实的,,
1156,verification,核实，证实,,
1157,adulate,过分称赞，拍……的马屁,,
1158,adulation,过分的称赞，拍马屁,,
1159,poignant,令人难过的，令人心痛的,,
1160,contemptuous,表示轻蔑的，鄙视的,,
1161,jovial,快活的，愉快的,,
1162,mediocre,平庸的，普普通通的,,
1163,superfluous,多余的，过剩的,,
1164,countenance,赞同，支持，认可,,
1165,caterwaul,尖叫，嚎叫,,
1166,notoriety,声名狼藉，臭名昭著,,
1167,convivial,快活的，友好的,,
1168,conviviality ,快活，友好,,
1169,sway,影响，支配,,
1170,preachy,讲道似的，带有说教意味的，说教性的,,
1171,incisive,深刻的，切中要害的，一针见血的,,
1172,prying,窥探的，窥视的，过分关注他人私生活的,,
1173,prodigious,巨大的，庞大的,,
1174,prodigy,奇才，天才，神童,,
1175,municipality,城市，自治市,,
1176,avant-garde,先锋派，先锋派支持者,,
1177,pastiche,混成作品，集多种风格与一身的作品,,
1178,antidote,解毒药，解毒剂,,
1179,vituperation,辱骂，谩骂，痛骂,,
1180,cue,暗示，提示,,
1181,onshore,在岸上，近岸，沿岸,,
1182,monolithic,单一的，大一统的,,
1183,insight,洞察力，眼光，深刻的看法或见解,,
1184,insightful,富有洞察力的，有深刻见解的,,
1185,zenith,最高点，顶点，顶峰,,
1186,undermine,破坏，削弱,,
1187,assiduous,刻苦的，勤奋的,,
1188,remedy,疗法，治疗，药品，补救，纠正，矫正,,
1189,balanced,公正的，全面的，不偏颇的,,
1190,quantum,量子,,
1191,in the course of ,在……期间,,
1192,authorship,作者，作者身份,,
1193,pitfall,隐藏的危险，隐患，陷阱,,
1194,facial,面部的,,
1195,jibe,嘲讽，嘲笑,,
1196,gleam,闪烁，发微光,,
1197,felicitous,恰当的，贴切的，令人愉悦的,,
1198,cliquish,小集团的，小集团似的,,
1199,elusive,难以捕捉的，难以得到的，难以定义的，难以理解的,,
1200,elude,逃避，使无法获得，使没有得到,,
1201,conjure,使突然出现，像变戏法一样变出,,
1202,commence,开始,,
1203,therapy,疗法，治疗,,
1204,revision,修订，校订，修改,,
1205,revisionist,修正主义的，主张修改普遍接受事物的,,
1206,prolix,冗长的，啰嗦的,,
1207,prolixity ,冗长，啰唆,,
1208,invigorate,使有活力,,
1209,vigor,活力，热情,,
1210,let alone,更不必说,,
1211,candor,坦率，坦诚，真诚,,
1212,candid,坦率的，直言不讳的,,
1213,ogre,可怕的人，残酷的人，可怕的东西,,
1214,spirited,精神饱满的，生气勃勃的,,
1215,culpability,有罪，对过错负有责任,,
1216,all the more,越发，更加，格外,,
1217,detached,分离的，独立的，不带个人感情的，公正的，超然的,,
1218,detachment,不带个人感情，超脱，公正,,
1219,civic,公民的，市民的,,
1220,unrivaled,无比的，无双的,,
1221,rivalry,竞争,,
1222,quirky,古怪的,,
1223,allege,断言，声称，指责,,
1224,alleged  ,所谓的，不可靠的,,
1225,vilify,污蔑，诋毁，中伤,,
1226,species,物种,,
1227,captious,吹毛求疵的,,
1228,beneficence,善良，行善,,
1229,foster,促进，鼓励，助长,,
1230,immaterial,不重要的，无关紧要的,,
1231,deter,威慑住，吓住,,
1232,depict,描写，描述,,
1233,catalog,清单，目录，列表，统计，记录，编目,,
1234,thrift,节约，节俭,,
1235,exact,要求，强取，勒索，确切的，准确的，,,
1236,exacting,困难的，艰难的，要求高的,,
1237,exactitude ,精确，严谨，分毫不差,,
1238,antibacterial,抗菌的,,
1239,condemnation,谴责,,
1240,plot,情节，一小片土地，计划,,
1241,voracious,贪吃的，狼吞虎咽的，如饥似渴的，极为热情的,,
1242,jockey,操作，操纵,,
1243,peril,极大的危险,,
1244,perilous,极为危险的,,
1245,rebuff,断然拒绝，回绝，冷落,,
1246,devious,阴险的，狡猾的，不诚实的,,
1247,conjecture,推测，猜测,,
1248,conjectural ,推测的，猜测的,,
1249,insignificant,无意义的，微不足道的,,
1250,scandal,丑闻，丑事,,
1251,cavalier,漫不经心的，满不在乎的,,
1252,appraise,评价，评估,,
1253,appraisal,评估，评价，估计,,
1254,spartan,极为简朴的,,
1255,capitulate,投降，停止抵抗,,
1256,proclaim,宣告，宣布，声明,,
1257,regulator,监管者，管理者,,
1258,expel,驱逐，赶走,,
1259,exceptional,异常的，独特的，非典型的,,
1260,exceptionally ,极度的，超乎寻常的,,
1261,unexceptional,普通的，平常的,,
1262,enliven,使有生气，使活跃，使活泼,,
1263,paradox,矛盾，自相矛盾的事物或情况,,
1264,paradoxical ,矛盾的，看上去自相矛盾的,,
1265,synergy,增效作用，两者协同作用的效果大于各自效果之和,,
1266,mimic,模仿,,
1267,calamitous,引起灾难的，灾难性的,,
1268,extirpate,根除，彻底消灭,,
1269,emblematic,象征的，象征性的,,
1270,disconcerting,令人仓皇失措的，令人窘迫的,,
1271,tactful,处事巧妙的，得体的,,
1272,vulgarity,庸俗，粗俗，粗野,,
1273,insular,思想狭隘的,,
1274,histrionic,演戏似的，极为夸张的，矫揉造作的,,
1275,taint,玷污，败坏，使受不良影响,,
1276,circumscribe,限制，约束,,
1277,boon,有益的事物,,
1278,spiral,螺旋形行进，盘旋上升或下降,,
1279,plagiarism,剽窃，抄袭,,
1280,stigma,耻辱，污名,,
1281,truism,自明之理，不言而喻的道理，老生常谈,,
1282,predate,在日期上早于，比……更早出现或发生,,
1283,affinity,喜爱，认同，相似性，联系,,
1284,veracity,真实，真实性,,
1285,partisan,狂热的支持者，偏见的，偏袒的,,
1286,partisanship,偏见，偏袒,,
1287,flee,逃走，逃掉,,
1288,habitat,栖息地,,
1289,habitable,适于居住的，宜居的,,
1290,square,使符合，使一致,,
1291,gigantic,巨大的，庞大的,,
1292,omission,遗漏，疏忽,,
1293,slur,诽谤，诋毁,,
1294,like-minded,志趣相投的，想法相同的,,
1295,facilitate,促进，使容易，使便利,,
1296,supplementary,补充的，增补的,,
1297,ad hoc,专门的，临时的，特别成立的,,
1298,detritus,残渣，屑粒,,
1299,commonplace,寻常的，常见的，寻常的事物，常见的事物,,
1300,bookish,书呆子气的，学究式的,,
1301,transient,短暂的，转瞬即逝的,,
1302,centerpiece,占中心地位的事物，最引人注目的事物,,
1303,impalpable,难以理解的，难以捉摸的,,
1304,persist,坚持，持续存在,,
1305,compound,使恶化，加剧,,
1306,dynamism,富有活力,,
1307,persist,持续存在，（坚定或固执的坚持）,,
1308,persistent ,持续的，挥之不去的,,
1309,planetary,行星的,,
1310,ensue,接着发生，接踵而来，因而产生,,
1311,discrepancy,差异，不符合，不一致,,
1312,unadorned,未经装饰的，朴素的,,
1313,quackery,江湖骗子的医术，冒充内行，招摇撞骗,,
1314,peculiarity,奇特，古怪，奇怪之处,,
1315,peculiarly ,独特的，有特色地,,
1316,gossamer,极为精细的，极为精致的,,
1317,imprint,铭刻，使牢记,,
1318,disavow,否认，不承认,,
1319,melodramatic,夸张的，演戏一样的,,
1320,provenance,起源，来源，出处,,
1321,fashion,方式,,
1322,old-fashioned,过时的，落伍的，老套的,,
1323,egregious,极坏的，令人震惊的,,
1324,consensus,共识，意见一致,,
1325,disinclination,不情愿，不乐意,,
1326,dilatory,拖拉的，拖延的,,
1327,emulate,效仿，努力赶上,,
1328,emulation,效仿,,
1329,chronicle,编年史，记事，叙述,,
1330,interminable,无休止的，没完没了的，冗长不堪的,,
1331,extenuate,减轻，为辩解,,
1332,omnivorous,杂食性的,,
1333,disarray,混乱，紊乱,,
1334,draw,得到，获得，吸引,,
1335,utopia,理想国，乌托邦,,
1336,desertion,抛弃，离弃，舍弃,,
1337,glean,四处搜集,,
1338,marked,明显的，显而易见的,,
1339,cult,狂热崇拜,,
1340,snag,意外的障碍，潜在的困难,,
1341,mar,毁坏，损坏，玷污,,
1342,weird,奇怪的，古怪的,,
1343,scant,不足的，贫乏的，少量的,,
1344,pseudoscience,伪科学,,
1345,camaraderie,友谊，情谊,,
1346,plummet,骤然下跌，陡然变差,,
1347,eminent,出众的，卓越的，显赫的,,
1348,eminence,出众，卓越，显赫,,
1349,maelstrom,极度混乱,,
1350,dismiss,对……不屑一顾，不予仔细考虑,,
1351,dismissal,不屑一顾，不予考虑,,
1352,dismissive,轻蔑的，鄙视的，不屑一顾的,,
1353,exhaustive,全面的，详尽的，彻底的,,
1354,artistry,艺术技巧，艺术水准,,
1355,enigma,迷，难以理解的事物,,
1356,enigmatic,谜一样的，难以理解的,,
1357,minimize,尽可能减小，使减少到最低限度,,
1358,minimal,最小的，尽可能少的，最低限度的,,
1359,detriment,损害，造成损害的事物,,
1360,detrimental,有害的,,
1361,grant,批准，同意，给予，授予，承认,,
1362,take something for granted,认为…是理所当然的,,
1363,wisdom,知识，思想，原则,,
1364,sift,区分，挑选,,
1365,self-styled,自封的，自称的,,
1366,fraught,焦虑的，不安的，令人不安的,,
1367,press,媒体，新闻界,,
1368,pressing,紧迫的，急迫的，迫切的,,
1369,preclude,阻止，防止,,
1370,laypeople,外行，非专业人员,,
1371,lucid,明了易懂的，明晰的,,
1372,lucidity ,清楚，明晰,,
1373,dubious,可疑的，不可靠的，不可信的,,
1374,essentially,本质上，基本上,,
1375,hard-nosed,强硬的，顽强的,,
1376,prophylactic,预防疾病的,,
1377,foreordain,预先注定,,
1378,cynical,犬儒的，蔑视和怀疑人性的，认为人心皆自私的,,
1379,cynicism,犬儒，蔑视和怀疑人性，认为人心皆自私,,
1380,insouciance,无忧无虑，漫不经心，漠不关心,,
1381,reactionary,反动的，极端保守的，反动派的,,
1382,droll,古怪而滑稽的,,
1383,peccadillo,轻罪，过失，小错误,,
1384,unmediated,无中介的，直接的,,
1385,illusion,错觉，幻觉，假象,,
1386,illusionary,虚幻的，造成幻觉的,,
1387,illusory ,虚幻的，虚假的,,
1388,deep-seated,根深蒂固的，难以消除的,,
1389,attribute,把…归因于，指出……的作者，认为……的作者是，属性，特性,,
1390,attributable,因为，由于,,
1391,ambivalent,矛盾的，又爱又恨的,,
1392,ambivalence ,矛盾情绪，矛盾态度,,
1393,savior,拯救者，救星,,
1394,mundane,平淡无奇的,,
1395,sacrosanct,极其神圣的，不可侵犯的,,
1396,dazzling,极好的，炫目的,,
1397,recast,重新塑造，改写，修改,,
1398,tempt,想要,,
1399,temptation ,意愿，渴望,,
1400,tempting  ,诱人的，有诱惑力的,,
1401,tantamount,等同于的，相当于的,,
1402,repudiate,拒绝，否认，拒不接受,,
1403,hyperbole,夸张，夸张的说法,,
1404,hyperbolic ,夸张的，夸大的,,
1405,verisimilitude,逼真，看上去真实,,
1406,initiate,发起，引起，开始,,
1407,initially ,最初，开始，首先,,
1408,initiative,积极性，进取心，计划，策略，方案,,
1409,acquainted,熟悉的，有了解的,,
1410,acquaintance,相识的人，熟人,,
1411,shriek,尖叫，尖声喊叫,,
1412,circumvent,回避，绕开,,
1413,magnitude,巨大，广大，庞大，规模，大小，程度,,
1414,magnify,放大，扩大，夸大,,
1415,hysteria,歇斯底里，情绪失控,,
1416,at first glance,乍看上去，最初看到时,,
1417,inspiration,灵感,,
1418,refute,反驳，否认，证明……是错的,,
1419,irrefutable,无可辩驳的，无可否认的,,
1420,inverse,相反的，倒转的，反面，与……相反的事物,,
1421,diametrically,正好地，完全地，截然地,,
1422,anodyne,不得罪人的，不会引人反感的,,
1423,confinement,限制，局限,,
1424,peripatetic,到处走的，漫游的，流动的,,
1425,perforce,必然，必定，势必,,
1426,nomenclature,名称，叫法,,
1427,abound,大量存在,,
1428,redirect,改变…的方向，改变…的线路,,
1429,nation-state,单一民族的独立国家,,
1430,quest,寻求，探求，调查研究,,
1431,somnolent,瞌睡的，昏昏欲睡的,,
1432,stymie,妨碍，阻碍,,
1433,forestall,预先阻止，先发制人,,
1434,chic,时髦的,,
1435,doctrinaire,教条主义者，不顾实际情况空谈理论的人,,
1436,feign,假装,,
1437,feigned,假装的，虚假的,,
1438,badger,烦扰，纠缠不休，反复提问题或要求,,
1439,dilution,稀释，冲淡,,
1440,acquiesce,默认，默许,,
1441,acquiescence,默认，默许,,
1442,panacea,万灵药，万能的解决办法,,
1443,overwrought,过度激动的，过度兴奋的，过于紧张的,,
1444,peddle,宣扬，散播,,
1445,galvanize,刺激，刺激某人采取行动，使震惊,,
1446,impede,妨碍，阻碍，阻止,,
1447,impediment,妨碍，阻碍，障碍物,,
1448,anthropomorphic,被赋予人性的，拟人的,,
1449,sonorous,声音浑厚的，隆隆作响的,,
1450,decided,毫无疑问的，显然的,,
1451,nepotistic,偏袒亲属的，任人唯亲的,,
1452,nepotism ,偏袒亲属，任人唯亲,,
1453,cantankerous,坏脾气的，爱争吵的，爱唱反调的,,
1454,animadversion,批评，谴责，责备,,
1455,empirical,实证的，以观察或实验为依据的,,
1456,empiricism,观察实验法，实证论,,
1457,interdependence,互相依赖，互相依存,,
1458,provision,条文，条款，规定,,
1459,provisional ,临时的，暂时性的，暂定的,,
1460,obviate,消除，使不再需要，避免，预防,,
1461,responsive,反应迅速的，积极响应的,,
1462,degrade,使恶化，使质量下降,,
1463,degradation,恶化，质量下降,,
1464,symbolize,象征，作为…的象征,,
1465,resurgence,复活，复苏,,
1466,exuberance,热情洋溢，兴高采烈,,
1467,evenhanded,不偏不倚的，公正的,,
1468,aggrieved,愤愤不平的，感到受不公正对待的,,
1469,exploit,充分利用，充分发挥……的效能，剥削，不公正地利用,,
1470,exploitation,利用，开发，开采,,
1471,consume,吃掉，喝掉,,
1472,austere,严厉的，严肃的，极为朴素的，毫无装饰的,,
1473,austerity,极度朴素，极为严肃,,
1474,lionize,把…视作名人，重视，崇拜,,
1475,stipulate,规定，讲定，约定,,
1476,reminiscent,让人回想起……的,,
1477,hidebound,思想偏狭顽固的，迂腐的，古板的,,
1478,douse,熄灭,,
1479,pick up,增加，加强,,
1480,curtail,削减，减少,,
1481,disperse,使散布，使分散，传播,,
1482,dispersal,分布，分散，传播,,
1483,foresee,预见，预知,,
1484,foreseeable,可预见到的,,
1485,even-tempered,脾气温和的，不易发脾气的,,
1486,waver,犹豫不决，举棋不定,,
1487,reserved,矜持的，拘谨的,,
1488,make the grade,成功，达到标准,,
1489,impugn,质疑，批评,,
1490,decipher,破译,,
1491,foment,挑起，激起，煽动,,
1492,lengthy,长的，过长的，冗长乏味的,,
1493,recede,后退，减弱，变得渺茫,,
1494,euphemism,委婉的说法，委婉语,,
1495,obscure,掩盖……的重要性，显得比……更重要,,
1496,ebullient,兴高采烈的，热情洋溢的,,
1497,overarching,全面的，包罗万象的,,
1498,imminent,临近的，即将发生的，逼近的,,
1499,detract,降低，贬低，使失去价值,,
1500,preordain,预先决定，提前注定,,
1501,ebb,减弱，消退,,
1502,cook sth. up,编造，捏造,,
1503,middle ground,中间立场，折中方案,,
1504,robust,强有力的，粗俗的，不文雅的,,
1505,inflated,夸张的，言过其实的，华而不实的,,
1506,malodorous,难闻的，恶臭的,,
1507,bargain,讲价，讨价还价，谈判,,
1508,fabricate,捏造，伪造，编造,,
1509,endeavor,努力，尽力，尝试,,
1510,harrow,使痛苦，使难过,,
1511,harrowing,令人极为难过的，令人极为痛苦的,,
1512,misrepresent,不如实地叙述，歪曲,,
1513,representation,表示，表述，表现,,
1514,fragile,脆弱的，虚弱的,,
1515,fragility,脆弱,,
1516,collegial,同事的，同行的，合作的，共同承担义务的,,
1517,hierarchy,等级制度，等级森严的组织,,
1518,hierarchical ,等级制度的，等级森严的组织的,,
1519,feasible,可行的，行得通的,,
1520,dominate,支配，统治，主导，在……中占大多数，占主要地位,,
1521,dominant,占优势的，支配的，统治的,,
1522,make sth. up ,弥补，补偿，组成，构成,,
1523,compromise,危及，损害，破坏,,
1524,abhor,厌恶，憎恶,,
1525,toxin,毒素,,
1526,truncate,删节，缩短,,
1527,punctilious,循规蹈矩的，一丝不苟的,,
1528,differentiate,区分，区别，鉴别,,
1529,impeccable,完美的，无可挑剔的,,
1530,consummate,造诣极高的，完美的,,
1531,snub,冷落，怠慢,,
1532,survey,详细检查，仔细查看，调查，调研，测量，测勘，测绘,,
1533,conflate,合并，混合,,
1534,flummox,使困惑，难住,,
1535,sketchy,粗略的，不详尽的,,
1536,nester,筑窠的鸟,,
1537,denounce,谴责，公开指责,,
1538,porous,能渗透的，透的,,
1539,avid,极为热衷的，酷爱的,,
1540,avidity,极度热衷，极度热情,,
1541,architect,建筑师,,
1542,dejected,沮丧的，垂头丧气的，情绪低落的,,
1543,invective,痛骂，辱骂，猛烈抨击,,
1544,overhaul,彻底革新，全面修订,,
1545,restorative,恢复的，康复的,,
1546,deplore,强烈反对，对……强烈不满,,
1547,abet,教唆，怂恿,,
1548,tenuous,脆弱的，不坚固的，微弱的,,
1549,censure,严厉批评，谴责,,
1550,censorious,严厉批评的，喜欢严厉批评他人的,,
1551,encomium,高度赞扬，赞颂，颂词,,
1552,unbridled,不受约束的，不受控制的,,
1553,remuneration,报酬，酬劳,,
1554,falsity,虚假，错误,,
1555,portray,描述，描绘，把……描述成……,,
1556,portrayal ,描述，描绘,,
1557,catalyst,促进因素,,
1558,primitive,粗糙的，原始的，未开化的,,
1559,subordinate,使从属于……，使地位位于……之下,,
1560,divination,占卜，预言,,
1561,labyrinth,迷宫,,
1562,proximity,接近，邻近,,
1563,rosy,有希望的，愉快的，乐观的,,
1564,sophistication,精细，复杂，高级，有智慧，见多识广,,
1565,spectacular,壮观的，壮丽的,,
1566,immortality,永生，不朽,,
1567,irrelevant,没有关系的，没有意义的，没有影响的,,
1568,implicate,需要，包含，涉及,,
1569,implication,意义，影响,,
1570,acknowledge,承认,,
1571,privileged,享有特权的，地位高的,,
1572,empathy,同感，共鸣,,
1573,commentary,评论，解说,,
1574,baroque,极为华丽的，极为奢华的,,
1575,occupant,占用者，居住者，乘坐者，任职者,,
1576,preempt,预防，防止,,
1577,disposition,性情，性格,,
1578,supremacy,至高无上，至上,,
1579,literacy,识字，有文化，读写能力,,
1580,ethics,道德体系，道德准则，行为准则,,
1581,ethical ,道德的，合乎道德的,,
1582,ethos,思想，精神，价值观,,
1583,favor,喜爱，偏爱，赞同,,
1584,ingenuous,纯朴的，单纯的，胸无城府的,,
1585,disingenuous,不真诚的，不坦率的，故意隐瞒的,,
1586,sanction,批准，认可,,
1587,pervade,遍及于，流行于,,
1588,intransigent,不妥协的，不让步的，不肯合作的,,
1589,incubator,孵化器,,
1590,arrest,阻止，限制，使停止,,
1591,lose out,输给……，被……取代,,
1592,bolster,支持，加强，提高,,
1593,facile,肤浅的，轻松的，轻而易举的,,
1594,incursion,侵入，袭击，侵犯,,
1595,deteriorate,恶化，退化，衰退,,
1596,viable,可行的,,
1597,repository,仓库，贮蔵室，存放处,,
1598,inviolable,不可侵犯的，神圣的，不可亵渎的,,
1599,incorporate,包含，吸纳，吸收,,
1600,divert,使转向，转移，使得到消遣，给…娱乐,,
1601,diverting,有趣的，娱乐的,,
1602,irritate,使生气，使恼火,,
1603,irritating,令人生气的，令人恼火的,,
1604,irritation  ,生气，恼火,,
1605,supple,易弯曲的，柔韧的,,
1606,explicit,明白的，清楚的，明确的,,
1607,interrelationship,相互关系，相互联系,,
1608,bighearted,仁慈的，宽宏大量的，慷慨的,,
1609,vernacular,日常用语，白话,,
1610,suffice,足够，满足要求，能够,,
1611,brazen,无耻的，恬不知耻的，肆无忌惮的,,
1612,fabled,著名的,,
1613,address,着手处理，应对，解决，对…说话,,
1614,submit,提交，呈递,,
1615,benign,无害的,,
1616,obedience,服从，顺从，遵守,,
1617,affluence,富裕,,
1618,revitalize,使复苏，使复兴,,
1619,dense,复杂的，难懂的,,
1620,fantasy,幻想，想象力，虚幻，幻想出来的景象，幻想作品，奇幻作品,,
1621,hortatory,劝告的，忠告的,,
1622,methodical,有条理的，井然的,,
1623,exiguous,微小的，稀少的,,
1624,exiguity,微小，稀少,,
1625,reach,地带，大片地区，一段流域,,
1626,dedication,全身心投入，热忱，忠实,,
1627,dedicated  ,全身心投入的，热忱的，忠实的,,
1628,a priori,先验的，基于理论而非观察或实践的,,
1629,notion,观念，见解，看法,,
1630,dichotomous,截然对立的，一分为二的,,
1631,shrink,退缩，回避，不情愿，收缩，变小，使变小,,
1632,assault,批评，指责,,
1633,safeguard,保护，保卫,,
1634,harbinger,预示，先兆，先驱,,
1635,landscape,地貌，风景,,
1636,alteration,改变，改动，更改,,
1637,alternative,替代性的，非传统的，反传统的,,
1638,alternate ,交替的，轮流的,,
1639,theme,题目，主题,,
1640,thematic  ,题目的，主题的，专题的,,
1641,hamstring,妨碍，束缚，使受挫,,
1642,venue,发生地点，举行场所,,
1643,volume,一本书，数量，规模，大量,,
1644,prominent,杰出的，卓越的，重要的，著名的,,
1645,complacent,自满的，沾沾自喜的,,
1646,complacency  ,自满，沾沾自喜,,
1647,open-ended,无结论的，无确定答案的,,
1648,fine,精细的，精致的,,
1649,canned,老套的，千篇一律的，毫无新意的,,
1650,adornment,装饰品，饰物,,
1651,stylistic,风格的，文体的，语体的,,
1652,gaiety,快乐，欢乐，高兴,,
1653,predecessor,前任，前辈,,
1654,lugubrious,忧郁的，悲伤的,,
1655,reparation,弥补，补偿，赔偿,,
1656,unmoved,无动于衷的，不为所动的,,
1657,circumspect,谨慎的，小心的,,
1658,espouse,支持，拥护，信奉,,
1659,castigate,严厉批评,,
1660,dimension,方面，部分，元素,,
1661,burlesque,幽默夸张的模仿,,
1662,manuscript,手稿，原稿,,
1663,compassion,同情，怜悯,,
1664,compassionate ,有同情心的，同情的,,
1665,transitory,短暂的，昙花一现的,,
1666,allure,魅力，吸引力，诱惑力,,
1667,overlook,忽视，忽略，看漏,,
1668,culmination,顶点，高潮，终点,,
1669,assuage,缓和，减轻，安抚，使平静,,
1670,allusion,暗指，影射，间接提到,,
1671,succumb,屈服，屈从,,
1672,loquacious,多话的，过于健谈的,,
1673,sectarian,宗派的，狭隘的，门户之见的,,
1674,stem,阻挡，制止，遏止，起源于，源自,,
1675,ungainly,笨拙的，笨手笨脚的,,
1676,cursory,草草的，仓促的，粗略的,,
1677,extraneous,无关的，不重要的,,
1678,forswear,承诺放弃,,
1679,diatribe,猛烈批评,,
1680,lurch,颠簸着行进，蹒跚而行,,
1681,hew,坚持，遵守,,
1682,premature,不成熟的，仓促的，草率的,,
1683,articulate,清楚的，清楚有力的，清楚地表达，把……说明白,,
1684,surreptitious,鬼鬼祟祟的，偷偷摸摸的,,
1685,plethora,太多，过多，过剩,,
1686,decouple,使分离，拆开,,
1687,illustrious,著名的，杰出的，卓越的,,
1688,meander,蜿蜒，迂回曲折地前进,,
1689,rehabilitate,使康复，使复原，恢复…的名誉，为……平反,,
1690,adverse,不利的，有害的,,
1691,adversity ,逆境，困境，困难,,
1692,be out to do ,决心做某事，力图做某事,,
1693,virtue,美德，优点，长处,,
1694,by virtue of,因为，由于，凭借,,
1695,profusion,丰富，充沛，大量,,
1696,neophyte,初学者，新手，生手,,
1697,unfounded,没有根据的，没有理由的,,
1698,trite,陈腐的，老套的,,
1699,appeal,诉诸于，试图通过激起……以获得支持，吸引，有吸引力，魅力，吸引力,,
1700,appealing,迷人的，吸引人的,,
1701,longevity,长寿,,
1702,coax,劝诱，哄劝,,
1703,crater,陨石坑,,
1704,concur,同意，一致，赞同,,
1705,vulnerable,易受伤害的，脆弱的,,
1706,synapse,神经突触,,
1707,expiation,补偿，赎罪,,
1708,obliterate,彻底消除，抹掉,,
1709,supposedly,根据推测，大概，可能,,
1710,supposition,假定，推测,,
1711,presuppose,以…为先决条件,,
1712,vitiate,损害，破坏，削弱,,
1713,deleterious,有害的,,
1714,contagious,有感染力的的，会蔓延开的,,
1715,parody,幽默夸张的模仿作品,,
1716,backhanded,间接的，转弯抹角的,,
1717,invidious,引人不满的，引人反感的，招人嫉妒的,,
1718,irk,使厌烦，使恼火,,
1719,beguile,欺骗，诱骗,,
1720,rant,大声责骂，痛斥,,
1721,refined,优雅的，考究的，有教养的,,
1722,refinement ,高雅，文雅，考究,,
1723,big-time,顶级的，一流的,,
1724,improvise,即兴创作，即兴表演，临时发挥，临时做,,
1725,meretricious,华而不实的，俗艳的,,
1726,slippery,难以定义的，意思难以捉摸的,,
1727,disquisition,专题论文，专题讨论,,
1728,offset,补偿，抵消,,
1729,genetic,遗传学的，根据遗传学的,,
1730,estrange,使疏远，离间,,
1731,crumble,崩溃，瓦解，消失,,
1732,demise,死亡，灭亡，终止,,
1733,puerile,幼稚的，孩子气的，愚蠢的,,
1734,production,演出，表演，戏剧或影视作品,,
1735,intelligible,可理解的，明白易懂的,,
1736,wing,建筑物的一部分,,
1737,self-imposed,自己强加的，自愿承担的,,
1738,intangible,不易捉摸的，难以理解的,,
1739,mawkish,极为多愁善感的，感情丰富到令人作呕的,,
1740,insatiable,无法满足的，贪得无厌的,,
1741,admonish,警告，告诫，责备,,
1742,emission,发出，射出，散发,,
1743,brook,[用于否定句]容忍，忍受，容许,,
1744,preserve,保持，保存，维持,,
1745,ecumenical,世界范围的，普遍的,,
1746,ascetic,极为节制的，禁欲的，苦行僧般的,,
1747,narrate,叙述，讲故事,,
1748,antecedent,先前的，在……之前的,,
1749,resourceful,善于随机应变的，足智多谋的,,
1750,pedagogical,教学的，教育学的,,
1751,diffident,不自信的，胆怯的,,
1752,diffidence ,缺乏自信，畏缩，胆怯,,
1753,sterling,极好的，极富价值的,,
1754,preponderance,优势，多数,,
1755,self-flattery,自我夸耀，自吹自擂，自我粉饰,,
1756,abate,减少，减弱，减轻,,
1757,unabated ,没有减弱的，没有减轻的,,
1758,cordial,热情的，友好的,,
1759,cordiality ,热情，友好,,
1760,futile,徒劳的，无用的,,
1761,futility ,徒劳，无用,,
1762,overwhelming,数量极大的，压倒性的，极为强烈的,,
1763,overwhelm,淹没，使难以承受，使不知所措,,
1764,whereby,[关系副词]靠那个，凭借那个，借以,,
1765,solidarity,团结，一致,,
1766,hefty,数量巨大的，可观的,,
1767,check,使停止，制止，抑制,,
1768,contrive,设计，做到，实现,,
1769,contrivance ,发明，设计，构造物,,
1770,suffocate,扼制，压制，阻止…的发展,,
1771,endemic,某地特有的，土生土长的,,
1772,sparse,稀少的，稀疏的,,
1773,pseudonym,假名，笔名,,
1774,elite,精英阶层，上层人士,,
1775,elitist,精英主义的，杰出人物统治论的，高高在上的，看不起人的,,
1776,elitism,精英主义，杰出人物统治论,,
1777,banal,陈腐的，毫无新意的,,
1778,banality  ,陈腐，毫无新意,,
1779,devastating,破坏性极大的，毁灭性的,,
1780,raging,狂怒的，狂暴的,,
1781,pedestrian,平淡无奇的，乏味的,,
1782,wane,衰减，衰落，败落,,
1783,avert,避免，防止,,
1784,spearhead,领先突击，带头,,
1785,approbation,赞扬，赞许,,
1786,dated,过时的，陈腐的,,
1787,eclipse,使不显著，使黯然失色,,
1788,donation,捐赠，赠送，发给,,
1789,avaricious,贪婪的，贪得无厌的,,
1790,archaeology,考古学,,
1791,underlying,背后的，基本的,,
1792,reprehend,斥责，指摘,,
1793,reprehensible,应受斥责的，应受指摘的,,
1794,jejune,乏味的，无聊的,,
1795,conviction,确信，深信，坚定的信仰,,
1796,convincing,令人信服的,,
1797,undertake,着手做，开始进行，从事,,
1798,torpor,迟钝，没有活力，死气沉沉,,
1799,slant,特定的观点或态度，带有偏向性的态度,,
1800,purview,范围,,
1801,parsimonious,吝啬的,,
1802,rodent,啮齿目动物，类似啮齿目动物,,
1803,modulate,调节，修改，控制,,
1804,opposition,反对，反抗，对抗,,
1805,high-handed,专横的，傲慢的，盛气凌人的,,
1806,instigate,开始，使发生,,
1807,ostentation,炫耀，夸示，卖弄,,
1808,ostentatious,炫耀的，卖弄的,,
1809,given,具体的，特定的，给定的，倾向于……的，易于……的，鉴于，因为，考虑到,,
1810,compliant,遵从的，服从的，顺从的,,
1811,edifying,有教育意义的,,
1812,halfhearted,不热心的，敷衍了事的,,
1813,for all,尽管，虽然,,
1814,presume,假定，假设,,
1815,presumption,假想，猜想,,
1816,presumably  ,据推测，大概，可能,,
1817,duplicity,口是心非，奸诈，欺骗,,
1818,dependence,依靠，依赖,,
1819,expedite,加快，加速，促进,,
1820,expeditious ,快捷的，迅速的,,
1821,ephemeral,极短的，短暂的，朝生暮死的,,
1822,confer,赋予，带来,,
1823,indifferent,冷漠的，无动于衷的，毫无兴趣的,,
1824,tout,宣扬，鼓吹,,
1825,murky,阴暗的，昏暗的,,
1826,circumstellar,环绕恒星运转的，围绕恒星的,,
1827,entity,实体，个体，存在物,,
1828,publicize,宣传,,
1829,publicity,媒体的关注，报道，宣传,,
1830,notwithstanding,尽管,,
1831,discursion,离题，跑题,,
1832,perennial,长期的，不断的，常在的,,
1833,inborn,天生的，生来的,,
1834,pragmatic,讲究实际的，务实的，重实效的,,
1835,charismatic,有号召力的，有魅力的,,
1836,oracular,玄妙深奥的，难以理解的,,
1837,congestion,拥堵，拥挤,,
1838,extroverted,性格外向的，好社交的,,
1839,gripping,令人全神贯注的，极为吸引人的,,
1840,scathing,严厉的，尖锐的，刻薄的,,
1841,commute,通勤，上下班,,
1842,resolve,坚定，坚决,,
1843,resolution ,坚定，坚决,,
1844,strand,股，缕,,
1845,vexation,生气，恼火，不安,,
1846,vexatious ,令人恼火的，令人苦恼的，令人伤脑筋的,,
1847,spate,大量，一大批,,
1848,dispute,争论，争端，纠纷，争论，争吵，质疑,,
1849,indisputable,不容置疑的，无可争辩的,,
1850,undisputed,公认的，毫无疑问的,,
1851,forage,搜寻,,
1852,ground,领域，理由，原因,,
1853,groundless,无理由的，无根据的，无基础的,,
1854,flighty,反复无常的，不负责任的，靠不住的,,
1855,enamor,爱慕，喜爱，爱恋,,
1856,air,态度，气质，气氛,,
1857,trenchant,锐利的，犀利的，一针见血的,,
1858,tweak,调节，调校,,
1859,usage,对待的方式,,
1860,clumsy,笨拙的,,
1861,manifest,显示，展示，表明，显然的，明白无误的，明了的,,
1862,reinforce,增强，加强，强化,,
1863,draconian,极为严厉的，严酷的，残忍的,,
1864,cosmopolitan,世界性的，全球的,,
1865,meddle,管，干涉,,
1866,taxing,繁重的，艰难的，累人的,,
1867,forgo,放弃,,
1868,outrage,使极度愤慨，使极为愤怒,,
1869,mockery,嘲笑，嘲讽,,
1870,reassure,使放心，使消除疑虑,,
1871,obsequious,巴结的，卑躬屈膝的，奉承拍马的,,
1872,return,回报,,
1873,acclaim,向…欢呼，为…喝彩，称赞,,
1874,construe,理解，把……理解成……,,
1875,misconstrue ,误解,,
1876,abstruse,深奥的，难解的,,
1877,wayward,难以捉摸的，反复无常的，任性的,,
1878,white-hot,白热化的，极其激烈的,,
1879,proclivity,倾向，癖好,,
1880,mercurial,善变的，反复无常的,,
1881,sitting,一次，一口气,,
1882,hinder,阻碍，妨碍，阻止,,
1883,garrulous,话多的，喋喋不休的,,
1884,quandary,窘境，无所适从,,
1885,plastic,可塑的,,
1886,undercut,削弱，破坏,,
1887,renowned,有名的，享有盛誉的,,
1888,recapitulate,扼要重述，总结，概括,,
1889,studied,刻意的，精心营造的，煞费苦心的,,
1890,rambling,冗长而混乱的，不切题的,,
1891,literal,字面的，单词字面意思的,,
1892,connotation,单词的隐含义,,
1893,integrity,正直，廉正，诚实,,
1894,retrench,减少，削减,,
1895,ubiquity,普遍存在，无处不在,,
1896,truculent,好斗的,,
1897,stopgap,权宜之计，临时的解决办法,,
1898,enlighten,启发，启迪，教育,,
1899,revenue,收入,,
1900,reconcile,调和，使达成一致,,
1901,polymath,博学者，知识面广的人,,
1902,promotion,促进，发扬，提倡，晋升,,
1903,abstract,抽离，剥离，提取,,
1904,abstraction,抽象概念，抽象名称,,
1905,eloquent,雄辩的，言辞流利的，有说服力的,,
1906,compartmentalize,分隔，划分,,
1907,deadlock,僵持，僵局，停顿,,
1908,souvenir,纪念品，纪念物,,
1909,placement,放置，布置，布局,,
1910,flip,翻转，倒转,,
1911,recant,放弃，不再坚持,,
1912,premeditate,预先考虑，预先策划，预谋,,
1913,memo,备忘录,,
1914,memoir,回忆录，自传,,
1915,memento,纪念物，纪念品，引起回忆的东西,,
1916,memorable,值得纪念的，难忘的，值得注意的,,
1917,overshadow,使黯然失色，使显得不重要或不突出,,
1918,context,背景，环境，上下文，语境,,
1919,insurmountable,不可逾越的，难以克服的,,
1920,fungible,可互换的，可互相代替的,,
1921,counterfeit,伪造的，仿造的,,
1922,choreograph,设计，计划，安排,,
1923,aggregate,总和的，整体的，总计的,,
1924,demarcate,标出…的界线，给…划界,,
1925,trade-off,权衡，协调，妥协,,
1926,sobering,令人严肃的，令人庄重的，令人冷静的,,
1927,perfunctory,敷衍的，马虎的，随随便便的,,
1928,approach,方式，方法，态度,,
1929,unflinching,直言不讳的，直截了当的,,
1930,debunk,揭穿，揭露，揭发……是假的,,
1931,invasive,入侵的，侵略的，侵占的,,
1932,mask,掩饰，隐藏,,
1933,condescending,有优越感的，居高临下的，自认为高人一等的,,
1934,inveterate,根深蒂固的，积习难改的,,
1935,materialize,实现，发生,,
1936,span,持续，包括，持续时间,,
1937,impel,激励，驱使，迫使,,
1938,on that/this score,关于……，就……而言,,
1939,hitch,暂时的困难，问题，障碍,,
1940,archetypal,典型的,,
1941,croon,低吟，哼唱，轻哼,,
1942,subtle,不明显的，难以察觉的,,
1943,subtlety ,细微，巧妙，敏锐,,
1944,brilliance,才华，才智,,
1945,derision,嘲笑，嘲弄,,
1946,plodding,节奏缓慢的，无趣的,,
1947,vehement,猛烈的，情绪激烈的,,
1948,presage,预示,,
1949,abnegation,放弃,,
1950,stance,姿态，态度,,
1951,contend,声称，主张，认为,,
1952,contention,争辩，争论，争吵，观点，论点,,
1953,contentious,有争议的，喜欢吵架的，好辩的,,
1954,utterance,言辞，言语，言论,,
1955,negligible,可略而不计的，微不足道的,,
1956,render,使变得，使成为,,
1957,amorphous,模棱两可的，难以归类的,,
1958,venal,贪赃的，贪污的，唯利是图的,,
1959,perpetuate,使永久，使永恒，保持,,
1960,gross,极为恶劣的，极为严重的，极为过分的,,
1961,controvert,反驳，驳斥，质疑,,
1962,imprudent,不谨慎的，轻率的，鲁莽的,,
1963,irreversible,不可改变的，不可挽回的，不可撤销的,,
1964,intensify,加强，增强,,
1965,intensity,强烈，剧烈，强度,,
1966,intensification,加强，增强,,
1967,deception,欺骗，诓骗，蒙蔽,,
1968,deceptive,骗人的，欺骗性的,,
1969,extol,颂扬，热烈赞美,,
1970,quell,镇压，平息，压制,,
1971,fervor,热情，热烈,,
1972,fervent,热烈的，强烈的,,
1973,historic,历史上著名的，历史上有重大意义的，历史上的，过去的,,
1974,historicism,复古主义，崇拜传统,,
1975,insofar as,在…的范围内，到…的程度,,
1976,gratify,使愉悦，使满意,,
1977,prevail,获胜，占优势，占上风,,
1978,prevailing,主流的，普遍的，流行的,,
1979,prevalent,流行的，盛行的，普遍的,,
1980,prevalence,流行，普遍，广泛,,
1981,altruistic,利他的，无私的,,
1982,altruism,利他，无私,,
1983,be a far (long) cry from,和…相去甚远，和…大相径庭,,
1984,adjunct,附属物，附件,,
1985,abash,使羞愧，使害臊，使窘迫,,
1986,unabashed,不加掩饰的，公然的,,
1987,warble,高声婉转地唱，用颤音唱,,
1988,pernicious,有害的，暗中为害的,,
1989,ultra,极度地，非常地,,
1990,vivacity,迷人的活力,,
1991,dwindle,逐渐变小，缩小，减少,,
1992,relish,享受,,
1993,scads,大量，许多,,
1994,crucial,决定性的，关键性的，至关重要的,,
1995,clog,阻塞，堵住,,
1996,conscientious,认真负责的，勤勤恳恳的,,
1997,nullify,抵消，使无效，使失效,,
1998,impute,归罪于，归咎于，归因于,,
1999,adolescent,青春期的,,
2000,adolescence,青春期,,
2001,alacrity,欣然，热情，爽快,,
2002,not least,尤其是,,
2003,proponent,支持者,,
2004,defend,为…辩护,,
2005,defensive,防御的，守势的，自我辩护的，急于反驳批评的，认为别人在批评自己的,,
2006,affliction,令人痛苦的事物,,
2007,monotonous,单调的，乏味的,,
2008,thriller,惊险小说，惊悚片，悬疑片,,
2009,thrilling,令人兴奋的，激动人心的,,
2010,causality,因果关系，因果性,,
2011,authoritarian,独裁的，专制的,,
2012,authoritative,权威性的，可信的,,
2013,authorize,授权，批准,,
2014,spontaneous,自然的，无拘无束的，自主的，自然的，非外在原因导致的,,
2015,spontaneity,自发，自然,,
2016,rally,共同支持，团结在……周围,,
2017,grumble,抱怨，发牢骚,,
2018,neutrality,中立，中立态度,,
2019,derive,从……获得，由……得到，来自，出自，由……而来,,
2020,derivative,派生的，衍生的，老套的，没有新意的,,
2021,supersede,替代，取代,,
2022,yield,产生，带来，屈曲，倒塌，垮掉,,
2023,unyielding ,不屈从的，坚定的，顽强的,,
2024,averse,厌恶的，反感的，不愿意的,,
2025,aversion ,厌恶，反感,,
2026,invaluable,非常宝贵的，极为贵重的，无价的,,
2027,disown,否认，否认有……，否认与……有关,,
2028,genealogy,家谱，祖先,,
2029,mammal,哺乳动物,,
2030,sidestep,回避，避开,,
2031,auction,拍卖,,
2032,patent,专利，专利权，明显的，显而易见的,,
2033,antiquated,过时的，落伍的,,
2034,vacuous,没有思想的，愚蠢的,,
2035,drawback,缺点，不足，不利条件,,
2036,vague,含糊的，不明确的，不清楚的,,
2037,delegate,授，把委派给,,
2038,pugnacious,好斗的，好争吵的,,
2039,pungnacity ,好斗，好争吵,,
2040,obsolete,废弃的，淘汰的,,
2041,trace,微量，微量的,,
2042,prestige,威信，威望，声望,,
2043,prestigious  ,有威信的，有威望的，有声望的,,
2044,nebulous,模糊的，不清楚的，模棱两可的,,
2045,demolish,完全反驳，彻底否定,,
2046,dissension,意见分歧，不和,,
2047,intimate,熟悉的，亲密的，密切的，私密的，个人的，暗示，提示,,
2048,scold,痛斥，责骂，叱责,,
2049,conceive,想象，设想,,
2050,conceivable,能想象出来的，有可能的,,
2051,misconception,误解，错误的看法,,
2052,unrelenting,无休止的，毫不放松的，坚定不移的,,
2053,vice versa,反之亦然,,
2054,devolve,移交，转移，逐渐恶化，逐渐退化,,
2055,impetuous,急躁的，鲁莽的，冲动的,,
2056,bagatelle,琐事，轻松的事,,
2057,replicate,复制，仿制，制作副本,,
2058,detest,厌恶，讨厌，憎恶,,
2059,detestation,厌恶，讨厌，憎恶,,
2060,girth,围长，腰围,,
2061,sentiment,观点，看法，态度，情绪,,
2062,sentimental  ,多愁善感的，伤感的,,
2063,fallacious,谬误的,,
2064,fallibility,容易出错，可能出错,,
2065,obligation,义务，责任,,
2066,obligatory ,有义务的，必须的，强制性的,,
2067,resonate,产生共鸣,,
2068,imperative,至关重要的事，迫在眉睫的事,,
2069,appurtenance,附加物，附带的东西,,
2070,spin,曲解，歪曲，有利于自己的理解，旋转,,
2071,merchandise,商品，货物,,
2072,aspire,渴望，有志向,,
2073,deviate,背离，偏离,,
2074,deviation,背离，偏离,,
2075,compulsory,强制的，强迫的,,
2076,compulsive,忍不住的，强迫症一样的,,
2077,jettison,丢弃，扔掉,,
2078,well-being,幸福，安康,,
2079,retroactive,有追溯力的，溯及既往的,,
2080,bypass,回避，避开,,
2081,humanitarian,人道主义的,,
2082,self-knowledge,自知，自知之明,,
2083,shoulder,担负，承担,,
2084,biotic,生命的，生物的,,
2085,overreach oneself,做力所不能及的事，自不量力,,
2086,hybrid,混合的,,
2087,coalesce,联合，合并,,
2088,conform,相似，一致，符合,,
2089,conformity,遵守传统，服从规范,,
2090,indolent,懒惰的,,
2091,indolence,懒惰，怠惰，好逸恶劳,,
2092,nutrient,营养品，滋养物，食物,,
2093,placid,宁静的，平静的,,
2094,confused,混乱的,,
2095,meteoric,极快的，飞一般的,,
2096,mien,外表，样子,,
2097,repackage,重新包装，重新装饰…的外表,,
2098,mobility,流动性，移动性,,
2099,perceive,感知，感觉，察觉,,
2100,perceptive ,感知力强的，有洞察力的,,
2101,perceptible,可察觉到的，看得出来的,,
2102,unwonted,不寻常的,,
2103,wont,倾向于…的，易于…的,,
2104,encode,编码,,
2105,incentive,动机，激励，刺激,,
2106,shrewd,机灵的，敏锐的，精明的,,
2107,hodgepodge,混杂，大杂烩,,
2108,dire,严重的，紧急的，危急的,,
2109,recount,叙述，讲述,,
2110,simultaneous,同时发生的，同时存在的，同时进行的,,
2111,magnanimity,宽宏大量,,
2112,profound,巨大的，深远的，极为强烈的,,
2113,cumulative,累积的，渐增的,,
2114,rhetoric,华丽的辞藻，浮夸的言辞,,
2115,obeisance,尊敬，敬意,,
2116,project,预测，预计，估计，投影，投射,,
2117,projection ,预测，推测，估计,,
2118,flagrant,公然的，罪恶昭彰的,,
2119,polish,优雅，典雅,,
2120,tyrant,暴君似的人，暴虐的人，专横的人,,
2121,quotidian,日常的，普通的，平凡的,,
2122,lavish,非常大方的，极为慷慨的，浪费的,,
2123,noticeable,值得注意的，重要的,,
2124,warrant,使合理，使应该，使有必要,,
2125,unwarranted,不合理的，没有依据的,,
2126,scarce,缺乏的，不足的,,
2127,scarcity,缺乏，不足,,
2128,functional,实用的,,
2129,munificent,慷慨的,,
2130,crack,破译，破解,,
2131,proscribe,禁止,,
2132,proscription,禁止,,
2133,proscriptive,禁止的,,
2134,participant,参加者，参与者,,
2135,pleasantry,小笑话,,
2136,involuntary,不由自主的，无意识的，本能的,,
2137,qualify,是具有资格，加以限制条件使之变得不绝对，限定，削弱,,
2138,unqualified ,无条件的，无保留的，完全的,,
2139,qualification,限制，保留条件，限定条件,,
2140,plausible,合理的，说得通的,,
2141,implausible ,不合理的，不令人信服的,,
2142,whim,突然产生的念头，异想天开的念头，头脑发热,,
2143,whimsical  ,心血来潮的，头脑发热的,,
2144,obtuse,愚蠢的,,
2145,fluctuation,波动，起伏,,
2146,urbane,有礼貌的，彬彬有礼的，温文尔雅的,,
2147,suggestive,提示的，暗示的，引起联想的,,
2148,benevolent,善意的，善良的,,
2149,benevolence,善意，善良,,
2150,milieu,背景，社会环境,,
2151,belie,掩盖，掩饰，反驳，与……相矛盾，证明……是错的,,
2152,soothe,减轻，缓和,,
2153,spur,刺激，激励，鼓舞,,
2154,virgin,未开发的，未经使用的,,
2155,characterize,是……的典型特点，描述,,
2156,characteristic,特有的，独特的，典型的,,
2157,uncharacteristic,反常的，与典型情况不同的,,
2158,innovation,创新,,
2159,innovative,创新的，新颖的,,
2160,precocity,提早发育，早熟,,
2161,dour,阴郁的，抑郁的，闷闷不乐的,,
2162,exasperate,激怒，使极为恼火,,
2163,exasperation,愤怒，极为恼火,,
2164,exalt,颂扬，高度赞扬,,
2165,tepid,不热烈的，不热情的,,
2166,covert,秘密的，隐蔽的,,
2167,voluble,健谈的，滔滔不绝的,,
2168,roil,使激动，使混乱，使不安，被搅动，翻滚，翻腾,,
2169,unassailable,不可反驳的，无懈可击的,,
2170,opportune,适时的，时机恰到好处的,,
2171,proselytizer,提倡者，主张者,,
2172,wherewithal,资金，手段，设施等,,
2173,obtrusive,碍眼的，过于显眼的,,
2174,slacken,变缓慢，变弛缓，减弱,,
2175,documentary,纪录片的，纪实的，纪录片,,
2176,undocumented,没有记录的，没有证明的,,
2177,fiery,易怒的，暴躁的,,
2178,warehouse,仓库,,
2179,vista,美景，风景,,
2180,repulse,使极度反感,,
2181,burdensome,艰难的，繁重的,,
2182,imperial,雄伟的，宏大的,,
2183,imperialist,帝国主义的,,
2184,imperious,专横的，傲慢的，盛气凌人的,,
2185,eccentric,古怪的,,
2186,eccentricity,古怪，怪癖,,
2187,carnivore,食肉动物,,
2188,issue,发放，提供，提出，公开，发表,,
2189,impasse,僵局,,
2190,diverge,分歧，观点相异,,
2191,proprietary,私有的，专有的,,
2192,querulous,抱怨的，爱发牢骚的，爱发脾气的,,
2193,skirt,绕开，避开,,
2194,compensate,补偿，弥补,,
2195,mainstay,支柱，主要依靠,,
2196,pedant,学究，书呆子，过分关注细节或喜欢卖弄学问的人,,
2197,pedantic,学究气的,,
2198,fence,束缚，限制,,
2199,stale,陈腐的，过时的，没有新意的,,
2200,scrupulous,细致的，一丝不苟的，道德上严于律己的，极为正直的,,
2201,pretext,借口，托词,,
2202,awareness,意识，认识，知道,,
2203,novel,新的，新颖的，新奇的,,
2204,novelty ,新颖，新奇,,
2205,compunction,内疚，良心的责备，悔恨,,
2206,accede,答应，同意,,
2207,rationale,理由，依据，背后的理由,,
2208,rationalize,使合理，为……辩解,,
2209,decode,破译，解码,,
2210,advocate,拥护，提倡，主张，拥护者，提倡者,,
2211,advocacy ,拥护，提倡，主张,,
2212,stagnate,不发展，停滞,,
2213,stagnation,不发展，停滞,,
2214,supplant,取代，代替,,
2215,bankruptcy,破产,,
2216,myriad,无数，极大数量,,
2217,betray,显露，显示,,
2218,litigation,诉讼,,
2219,far-reaching,深远的，广泛的,,
2220,cluster,聚集，集中，簇，团，群,,
2221,adversary,对手，敌人,,
2222,adversarial ,敌对的，对立的，反对的,,
2223,distinguished,卓越的，杰出的，德高望重的,,
2224,mechanistic,机械般的，没有思想的,,
2225,bar,阻止，禁止,,
2226,barring,除非有……，如果没有……,,
2227,kindred,亲戚，亲属,,
2228,acumen,敏锐，聪明,,
2229,didactic,说教的，道德教育的,,
2230,didacticism,说教,,
2231,diminish,减少，减小，缩减，降低,,
2232,convulsion,震动，动乱，灾变,,
2233,justify,证明…正当或合理，为…提供理由,,
2234,justification,理由，合理性,,
2235,justified  ,合理的，正当的，有理由的,,
2236,afresh,重新,,
2237,spurious,假的，伪造的，欺骗性的,,
2238,hubris,傲慢，自大,,
2239,hubristic,傲慢的,,
2240,err,犯错误，出差错，不犯错误的，不出差错的,,
2241,unerring,不犯错误的，不出差错的,,
2242,errant,犯错误的，出格的,,
2243,erroneous,错误的，不正确的,,
2244,erratic,不稳定的，不规则的，不可靠的,,
2245,tantalize,逗引，撩拨，使干着急,,
2246,primate,灵长目动物,,
2247,quixotic,不切实际的，空想的,,
2248,greet,对待，对……做出反应,,
2249,magisterial,专横的，傲慢的，盛气凌人的,,
2250,controversy,争议,,
2251,controversial ,引起争议的，有争议的,,
2252,oversee,监视，监督，监管,,
2253,gloat,沾沾自喜，幸灾乐祸,,
2254,strip,脱光…的衣服，去掉……的覆盖物,,
2255,courteous,彬彬有礼的,,
2256,anomaly,反常的事物，异常的现象,,
2257,anomalous  ,反常的，异常的,,
2258,marginal,边缘的，边缘地区的，不重要的，微不足道的,,
2259,escalate,逐步上升，逐步增强，逐步扩大,,
2260,timely,及时的，适时的,,
2261,hackneyed,陈词滥调的，毫无新意的,,
2262,plunder,劫掠…的财物，对…大肆洗劫，掠夺,,
2263,awash,充沛的，充斥的，泛滥的,,
2264,concoct,编造，设计,,
2265,quip,机智幽默的话，俏皮话,,
2266,benighted,愚昧无知的,,
2267,setback,挫折，倒退，失败,,
2268,fret,苦恼，烦躁，发愁,,
2269,extinguish,熄灭，扑灭,,
2270,evanescent,短暂的，转瞬即逝的,,
2271,compatible,兼容的，能和谐共处的,,
2272,infuriating,使人十分生气的，令人大怒的,,
2273,dignified,庄严的，高贵的,,
2274,mightily,在很大程度上，非常，极其,,
2275,comity,礼貌，礼让,,
2276,illuminate,阐明，解释，启发,,
2277,immerse,沉浸在，专心于,,
2278,dwarf,使相形见绌，超过,,
2279,orthodox,正统的，正宗的，传统的,,
2280,blithe,欢乐的，愉快的，漫不经心的，毫不在意的，不负责任的,,
2281,seditious,煽动叛乱的,,
2282,posit,假定，提出，认为,,
2283,encyclopedic,百科全书般的，知识广博的,,
2284,innate,天生的，固有的,,
2285,covet,贪求，觊觎，垂涎,,
2286,equivocal,模棱两可的，含糊其辞的,,
2287,noteworthy,值得注意的，显著的,,
2288,notable,值得注意的，显著的,,
2289,malign,污蔑，诽谤，中伤,,
2290,deprecate,反对，不支持,,
2291,deprecatory,反对的，不支持的,,
2292,self-deprecating,自我贬低的，自嘲的,,
2293,revelation,新发现，出人意料的发现,,
2294,unidimensional,肤浅的，缺乏深度的,,
2295,legitimate,合法的，正当合理的，合情合理的，使合法，使合理,,
2296,legitimacy  ,合法，合理,,
2297,endure,忍耐，忍受,,
2298,endurance ,耐力，忍耐力,,
2299,enduring,持久的，持续的,,
2300,rudimentary,粗糙的，简陋的，不发达的,,
2301,dissimilar,不同的，不相似的,,
2302,straightforward,简单的，直观的，不复杂的，坦率的，直截了当,,
2303,generative,生产的，繁殖的,,
2304,degeneracy,恶化，退化,,
2305,degenerative,退化的，恶化的,,
2306,specificity,具体，明确,,
2307,selective,精挑细选的，挑剔的,,
2308,wide-ranging,范围大的，广泛的,,
2309,personality,性格，个性,,
2310,peer,同类人，相当的人,,
2311,heighten,提高，加强,,
2312,novice,新手，初学者,,
2313,demonstrable,明显的，显而易见的,,
2314,decline,衰落，衰退，质量变低，谢绝，拒绝，婉拒，减小，衰落，下降,,
2315,predictable,可预测的，毫无新意的，老套的，意料之中的,,
2316,unpredictable,无法预测的,,
2317,unpredictability ,无法预测,,
2318,predictive,预测的,,
2319,indeterminate,不确定的，不明确的,,
2320,forbearance,克制，忍耐,,
2321,admirable,值得尊敬的，值得欣赏的,,
2322,identify,认同，同情，认可,,
2323,apt,合适的，恰当的,,
2324,inhibit,限制，抑制,,
2325,guarded,有保留的，谨慎的,,
2326,discontinuity,不连续，不连贯,,
2327,unsustainable,无法维持的，站不住脚的,,
2328,sustainable  ,可持续的，可维持的,,
2329,sustainability  ,可持续,,
2330,symmetry,对称,,
2331,expansionist,扩张主义的，主张对外扩张的,,
2332,customary,按照惯例的，惯常的,,
2333,quantify,量化，测定……的数量，表达……的数量,,
2334,quantifiable,可量化的,,
2335,quantitative,定量的，数量的,,
2336,qualitative,质量的，定性的,,
2337,enrich,使充实,,
2338,glorification,赞美，美化，吹捧,,
2339,sparkling,极好的，炫目的,,
2340,inattention,疏忽，注意力不集中,,
2341,untested,未经检验的,,
2342,easygoing,随和的,,
2343,overextend,使负担过重，使劳累过度,,
2344,surpass,超过，超出,,
2345,timeless,永恒的,,
2346,clarity,清楚，明白，易懂,,
2347,breakthrough,突破，巨大的进步,,
2348,conservatism,保守，守旧,,
2349,quiescence,平静，静止，不活动,,
2350,unobservant,不善于观察的，观察力不敏锐的,,
2351,honorific,敬语的，尊称的,,
2352,establish,使被认可，使地位稳固，证实，证明,,
2353,established ,长期存在的，广为接受的，地位稳固的,,
2354,absorbing,吸引人的,,
2355,fruitless,没有成效的，不成功的,,
2356,constructive,建设性的，有帮助的,,
2357,amicable,和睦的，友好的,,
2358,agreeable,令人愉悦的,,
2359,rankle,激怒，使恼火,,
2360,appease,安抚，平息，对……做出让步,,
2361,overestimate,高估,,
2362,decisive,决定性的，起决定作用的，果断的，坚决的,,
2363,codify,将编集成典，编纂,,
2364,realism,务实，现实，真实，写实，现实主义，现实主义风格,,
2365,underrate,低估,,
2366,delightful,令人愉快的，宜人的,,
2367,universality,普遍，普适,,
2368,informative,提供有用信息的，增进知识的,,
2369,sequential,按顺序的,,
2370,secondhand,来自他人的，道听途说的,,
2371,monger,煽动……的人,,
2372,platitudinous,陈词滥调的,,
2373,intoxication,沉醉，沉迷,,
2374,tractable,听话的，容易处理的,,
2375,validate,证实，验证，证明……合理,,
2376,invalidate,否定，反驳,,
2377,validity,正确，可信,,
2378,underestimate,低估,,
2379,evidentiary,证据的，关于证据的,,
2380,warmhearted,热心的，善良的,,
2381,meld,混合,,
2382,dovish,鸽派的，爱好和平的,,
2383,trepidation,害怕，不安，惊慌,,
2384,intrepid,勇敢的，无畏的,,
2385,immediacy,直接，临近，身临其境,,
2386,formality,正式，遵守规范，遵守礼节,,
2387,ongoing,正在持续的，进行中的,,
2388,regularity,有规律,,
2389,misuse,误用，滥用,,
2390,fraudulent,欺诈的，欺骗的,,
2391,pervasive,普遍的，遍布的,,
2392,uncontrollable,无法控制的，控制不住的,,
2393,random,随机的，随意的,,
2394,endangered,濒危的,,
2395,ambitious,有雄心壮志的，有野心的，雄心勃勃的，宏伟的,,
2396,cowardice,懦弱，胆小,,
2397,measured,克制的，深思熟虑的,,
2398,conditional,有条件的，视条件而定的,,
2399,isolationism,孤立主义,,
2400,long-winded,冗长乏味的，没完没了的,,
2401,blameless,没有过错的，无可指责的,,
2402,celebrated,著名的，闻名的,,
2403,dilemma,困境，进退两难,,
2404,quash,制止，平息,,
2405,oppressive,压迫的，欺压的,,
2406,pessimism,悲观,,
2407,politic,明智的,,
2408,disprove,证明……是错的,,
2409,unease,不安,,
2410,commitment,执着，努力，投入，承诺,,
2411,committed ,执着的，坚定的，投入的,,
2412,conclusive,有说服力的，决定性的,,
2413,inconclusive,非决定性的，没有定论的,,
2414,mystify,使显得神秘，使费解,,
2415,manipulation,操作，掌控，操纵，影响,,
2416,definitive,决定性的，确定的，最权威的,,
2417,naturalism,自然主义，真实地反映现实,,
2418,oversell,吹嘘，吹捧,,
2419,opulence,豪华，奢侈，富有,,
2420,variance,区别，差异，不一致,,
2421,cagey,守口如瓶的，讳莫如深的,,
2422,repetitious,重复的，毫无新意的,,
2423,rote,死记硬背的，通过反复重复来学习的,,
2424,worsen,恶化,,
2425,reinvent,改头换面，彻底改变,,
2426,impair,削弱，破坏,,
2427,wastrel,败家子，浪荡子,,
2428,curative,治疗的，有治疗效果的,,
2429,analgesic,镇痛的，止痛的,,
2430,apprehension,担忧，忧虑，焦虑,,
2431,apprehensive,担心的，忧虑的,,
2432,misapprehend,误解，误会,,
2433,outmoded,过时的,,
2434,exposition,详细阐述，详细解释,,
2435,cite,引用……作为理由，引证,,
2436,overload,使超载，过量，过多，过载,,
2437,uncontested,无争议的无人反对的,,
2438,diligence,勤勉，一丝不苟,,
2439,pathos,感染力，让人伤感的力量,,
2440,tendentious,偏袒的，带有倾向性的,,
2441,willingness,乐意，愿意,,
2442,diversify,变多样，使变多样，使变不同，扩大经营范围，增加产品种类,,
2443,diversity,不同，多样，多样性,,
2444,nonchalant,冷静的，冷淡的，若无其事的,,
2445,devotion,热爱，忠诚，热忱,,
2446,predetermine,预先决定，事先安排,,
2447,alarmist,危言耸听的,,
2448,integrate,整合，联合，组合,,
2449,accepted,普遍接受的，普遍认可的,,
2450,ritualize,使仪式化，使程式化,,
2451,narrative,记叙，叙述，故事，记叙的，叙事的,,
2452,durability,持久，耐用，耐久，持久性,,
2453,unrealistic,不现实的，不切实际的,,
2454,confound,使困惑，使不解,,
2455,confounding,令人困惑的,,
2456,suppress,压制，抑制，限制,,
2457,contradict,反驳，与……相矛盾，与……不符,,
2458,contrary,相反情况，相反的，逆向的,,
2459,guardian,保护者，守卫者，保卫者,,
2460,successor,继承者，继承人替代物,,
2461,gadfly,讨人厌的人,,
2462,reliant,依靠的，依赖的,,
2463,preside,掌管，领导，负责,,
2464,deflate,减轻，减弱,,
2465,applaud,称赞，赞赏，反驳，贬低,,
2466,imitable,可模仿的，值得模仿的,,
2467,ape,模仿,,
2468,envision,想象，设想,,
2469,convoluted,错综复杂的,,
2470,convolution,复杂的事物，难懂的事物,,
2471,dampen,减轻，减弱,,
2472,disparage,贬低，轻视,,
2473,mishandle,处理不当,,
2474,irreverent,不敬的,,
2475,correlate,与……存在相关性，与……互相关联,,
2476,dilettante,粗浅的爱好者，浅尝辄止的人,,
2477,constitute,组成，构成，是，等同于，相当于,,
2478,exorbitant,过高的，高得离谱的,,
2479,perspicacity,富有洞察力，睿智，精辟,,
2480,rile,激怒，使恼火,,
2481,serviceable,可供使用的,,
2482,unperturbed,镇定的，不受扰乱的,,
2483,protocol,【计算机】通信协议,,
2484,disinformation,虚假信息，欺骗性的信息,,
2485,egotism,自负，自大,,
2486,profligacy,挥霍，浪费,,
2487,unconscionable,错误的，不合理的,,
2488,contain,限制，遏制,,
2489,deaden,减弱,,
2490,untoward,不得体的，不合时宜的,,
2491,fathom,理解,,
2492,ascent,提高，上升,,
2493,qualm,顾虑，不安,,
2494,expatriate,移居国外,,
2495,scornful,蔑视的，嘲笑的,,
2496,epitome,典型代表，典范,,
2497,good-natured,善良的，友好的,,
2498,commercialism,过分重视利润，唯利是图,,
2499,emotive,激起强烈感情的，激动人心的,,
2500,incidental,次要的，附带的,,
2501,breeding ground,滋生地，温床,,
2502,evince,显示，表明,,
2503,aggression,攻击性的态度或行为,,
2504,extravagant,奢侈的,,
2505,uniformity,一致,,
2506,uniformly ,均匀的，相同的，不变的,,
2507,sage,智者，贤人，哲人,,
2508,certitude,确信，确定，坚信,,
2509,indulgence,沉迷，沉溺,,
2510,apologist,辩护者，为……辩护的人,,
2511,amend,修订,,
2512,escapist,逃避现实的,,
2513,morph,变化，使发生变化,,
2514,outdo,胜过，超过，比……更成功,,
2515,belligerence,好斗，好战,,
2516,addiction,瘾，沉迷,,
2517,demonize,妖魔化,,
2518,obsess,使痴迷，使过分关注,,
2519,localized,本地化，使局限于某处,,
2520,unsettle,使不安,,
2521,demographic,人口学的,,
2522,rife,普遍的，盛行的,,
2523,atrocious,极为恶劣的，极为糟糕的,,
2524,soft-pedal,谈话，轻描淡写,,
2525,prioritize,优先处理,,
2526,archive,档案馆，档案室，归档，存档,,
2527,predator,天敌，捕食者,,
2528,prey,猎物，被捕食者,,
2529,comparable,相似的，类似的,,
2530,absolve,免除……的责任，宣布……无罪,,
2531,verbal,语言的,,
2532,abased,谦卑的，卑躬屈膝的,,
2533,buttress,支持，证实，加强,,
2534,comforting,令人宽慰的,,
2535,disturbing,令人担忧的,,
2536,tragic,悲剧性的，悲惨的，不幸的,,
2537,signify,表明，说明,,
2538,solidify,强化，加强,,
2539,solitude,独处,,
2540,compact,紧凑的，密集的,,
2541,frustrate,挫败，阻止,,
2542,frustrating,令人懊恼的，令人沮丧的，令人产生挫败感的,,
2543,frustration ,懊恼，沮丧，挫败感,,
2544,synopsis,剧情梗概,,
2545,profitable,赚钱的，盈利的,,
2546,concentration,浓度,,
2547,acute,严重的，剧烈的，急性的,,
2548,realm,领域，范围,,
2549,advent,出现，到来,,
2550,in the midst of,在……之中,,
2551,albeit,尽管，即使,,
2552,triumph,巨大的胜利，巨大的成就,,
2553,liken,把……比作,,
2554,scruple,迟疑，犹豫,,
2555,might,力量，能力,,
2556,crust,地壳,,
2557,romanticize,把……想象地过于理想，过分浪漫地看待,,
2558,pagan,非基督教的信徒，多神教的信徒,,
2559,advent,出现，到来,,
2560,per se,自身，本身,,
2561,tier,阶层，等级,,
2562,forthright,直率的，直截了当的,,
2563,impinge,对……带来负面影响，对……不利,,
2564,nucleus,核心，中心,,
2565,emancipate,解放，使不受束缚,,
2566,seizure,夺取，占领,,
2567,arid,干旱的，干燥的,,
2568,splinter,分裂，使分裂,,
2569,sediment,沉积物，沉淀物,,
2570,prerogative,特权，独有的权利,,
2571,utterly,完全地，彻底地,,
2572,jurisdiction,司法权，审判权，裁判权,,
2573,metaphysical,形而上学的，纯哲学的,,
2574,trade,行业，工作,,
2575,depose,罢免，废黜,,
2576,secular,世俗的，非宗教的,,
2577,indigenous,当地的，本地的，土生土长的,,
2578,meritorious,值得称赞的,,
2579,chunk,厚片，大块,,
2580,harness,利用,,
2581,manumit,解放,,
2582,rustic,乡村的，农村的,,
2583,propound,提出供考虑或讨论,,
2584,inextricable,密不可分的，无法分开的,,
2585,resort,旅游胜地，度假胜地，办法，手段，借助，诉诸于,,
2586,circulation,流传，传播，发行量,,
2587,expenditure,花费，支出，消耗,,
2588,verse,诗歌，韵文,,
2589,deduction,演绎，推理,,
2590,taxon,分类单元,,
2591,pithy,简练的，简洁而有力的,,
2592,confine,限制，使局限于……,,
2593,stilted,不自然的，别扭的,,
2594,onset,开始，起始,,
2595,thermal,热的，热量的，热能的,,
2596,intelligentsia,知识分子阶层，知识界,,
2597,conglomerate,混合物，聚合物,,
2598,fauna,动物群,,
2599,marshal,排列，安排，整理,,
2600,oscillate,震荡，摆动,,
2601,locus,地点，所在地，中心,,
2602,loyalist,亲英分子，反对独立者，殖民主义者,,
2603,subdue,镇压，制服,,
2604,ramify,形成分支，分叉,,
2605,expound,详细阐述，详细说明,,
2606,recapitulation,扼要重述，概括,,
2607,corporeal,身体的，肉体的,,
2608,clergy,神职人员,,
2609,protagonist,主人公,,
2610,influx,流入，注入，涌进,,
2611,canopy,树冠层,,
2612,canonize,把……的作品奉为经典,,
2613,invoke,援引，引用……作为理由,,
2614,decadent,堕落的，颓废的，衰落的,,
2615,counterpoint,对比法,,
2616,lofty,高傲的，傲慢的，巍峨的，高耸的,,
2617,departure,背离，违反，违背,,
2618,anesthetize,使麻醉,,
2619,quaint,古朴而别致的，古色古香的,,
2620,disgruntle,使不满，使不高兴,,
2621,aristocracy,贵族，贵族阶级,,
2622,threshold,阈值，能产生效果的最小值,,
2623,plight,困境，苦境,,
2624,inadvertent,无意的,,
2625,flourish,茁壮成长，兴旺，兴盛，繁荣发展,,
2626,hitherto,到目前为止，迄今,,
2627,solitude,单独，独处，独居,,
2628,niche,生态位，物种在生态环境中占据的地位,,
2629,complexion,样子，面貌，性质,,
2630,tectonic,地壳构造的,,
2631,ruthless,无情的，残忍的,,
2632,intact,完好无损的,,
2633,velocity,【物理】速度，速率,,
2634,remnant,剩余物，残余物,,
2635,regime,政权,,
2636,poach,偷猎，偷捕,,
2637,recalcitrant,难处理的，难对付的,,
2638,status quo,现状,,
2639,bisect,把…对半分，把…二等分,,
2640,deride,嘲笑，取笑,,
2641,derisive,嘲笑的，鄙视的，讥讽的,,
2642,configuration,布局，结构，构造,,
2643,clutch,一窝蛋,,
2644,oeuvre,全部作品,,
2645,edible,可以吃的，可食用的,,
2646,satiated,饱足的，厌腻的,,
2647,coalition,结合，联合,,
2648,missionary,传教士,,
2649,hue,色调，颜色,,
2650,sympathetic,同意的，支持的,,
2651,ferocious,凶恶的，凶猛的，残忍的,,
2652,amid,在…中间，在…之中,,
2653,siphon,吸出，抽出,,
2654,cannibalism,同类相食，人吃人,,
2655,slight,怠慢，冷落，没有给与足够的尊敬,,
2656,indefensible,站不住脚的,,
2657,relegation,降级，使地位下降,,
2658,enfranchisement,给予投票权,,
2659,pious,虔诚的,,
2660,archipelago,群岛，列岛,,
2661,decimate,大批杀死，大量毁灭,,
2662,solution,溶液,,
2663,encroachment,侵占，侵犯，侵害,,
2664,irreproachable,无可指责的，无懈可击的,,
2665,culminate,最终导致，以……告终,,
2666,friction,摩擦，摩擦力,,
2667,insulation,隔热，保温,,
2668,presumptuous,冒昧的，放肆的,,
2669,brusque,态度生硬的，用词简短而无礼的,,
2670,inversion,颠倒，倒转,,
2671,assortment,各种各样,,
2672,thorny,麻烦的，棘手的，困难的,,
2673,stark,毫无装饰的，荒凉的，极为明显的，赤裸裸的,,
2674,reclamation,回收，重新利用,,
2675,affiliation,联系，从属关系,,
